Subject,NL01,NL02,NL03,NL04,NL05,NL06,NL07,NL08,NL09,NL10,NL11,NL12,NL13,NL14,NL15,NL16,NL17,NL18,NL19,NL20,NH01,NH02,NH03,NH04,NH05,NH06,NH07,NH08,NH09,NH10,NH11,NH12,NH13,NH14,NH15,NH16,NH17,NH18,NH19,NH20
Sub101,World&Peace,Nature,Art,Nature,Art,Nature,Nature,Art,Park,Spiritual&LifeJourney,Nature,World&Peace,Celebration,Spiritual&LifeJourney,Nature,Nature,World&Peace,Spiritual&LifeJourney,Nature,World&Peace,Spiritual&LifeJourney,Celebration,Nature,Spiritual&LifeJourney,Park,Spiritual&LifeJourney,Spiritual&LifeJourney,Spiritual&LifeJourney,Celebration,Park,World&Peace,Spiritual&LifeJourney,Art,Celebration,Spiritual&LifeJourney,Spiritual&LifeJourney,Nature,Spiritual&LifeJourney,Nature,Art
Sub102,Life&Emotion,Art,World&Peace,Nature,Celebration,Spiritual&LifeJourney,Time&Memories,Nature,Nature,World&Peace,Family,Nature,Art,Celebration,Life&Emotion,Religion,Celebration,Celebration,Family,Nature,World&Peace,Nature,Spiritual&LifeJourney,Time&Memories,Nature,World&Peace,Nature,Park,Nature,Time&Memories,Nature,Celebration,Life&Emotion,Park,World&Peace,Life&Emotion,Spiritual&LifeJourney,Nature,Nature,Art
Sub103,Art,Art,Celebration,Art,Celebration,World&Peace,World&Peace,Life&Emotion,Nature,World&Peace,Art,Nature,Time&Memories,Celebration,Art,Park,Time&Memories,Nature,Time&Memories,Park,Family,Celebration,Park,Religion,Life&Emotion,Spiritual&LifeJourney,World&Peace,Celebration,Life&Emotion,Art,Life&Emotion,Art,Life&Emotion,Religion,Art,Life&Emotion,Family,World&Peace,Art,Art
Sub104,Time&Memories,Life&Emotion,Religion,Life&Emotion,Nature,Art,Art,Religion,Nature,Art,Nature,Art,Life&Emotion,Art,World&Peace,Time&Memories,Art,Life&Emotion,Art,Art,Life&Emotion,Art,Art,Nature,World&Peace,Religion,Time&Memories,World&Peace,Nature,Nature,World&Peace,Art,Religion,Art,Religion,Art,Religion,Life&Emotion,Art,Nature
Sub105,Celebration,Life&Emotion,World&Peace,Religion,World&Peace,Time&Memories,Life&Emotion,Nature,World&Peace,Religion,Time&Memories,Time&Memories,Time&Memories,Spiritual&LifeJourney,Religion,Time&Memories,Time&Memories,Life&Emotion,Art,Time&Memories,Religion,Nature,Life&Emotion,World&Peace,Nature,Spiritual&LifeJourney,Celebration,Park,Park,Religion,Celebration,Life&Emotion,World&Peace,Art,Family,Religion,Life&Emotion,World&Peace,Spiritual&LifeJourney,Park
Sub106,Family,Park,Family,Nature,Religion,Family,World&Peace,Art,Art,Life&Emotion,Spiritual&LifeJourney,Art,Family,Art,Life&Emotion,Life&Emotion,World&Peace,Family,Celebration,Life&Emotion,Nature,Religion,Family,Art,Life&Emotion,Religion,Life&Emotion,Celebration,Park,Life&Emotion,Celebration,Family,Celebration,Family,Spiritual&LifeJourney,Nature,World&Peace,World&Peace,Park,Life&Emotion
Sub107,Celebration,Nature,Art,Family,Nature,Park,World&Peace,Life&Emotion,Art,Life&Emotion,Art,Life&Emotion,World&Peace,World&Peace,Spiritual&LifeJourney,Art,Spiritual&LifeJourney,Family,Nature,World&Peace,Family,Park,Time&Memories,Time&Memories,Family,Park,Nature,Religion,World&Peace,Time&Memories,Life&Emotion,Family,Celebration,Celebration,Park,Park,Spiritual&LifeJourney,Art,Life&Emotion,Art
Sub108,Celebration,Celebration,Celebration,Religion,Art,Family,Spiritual&LifeJourney,Celebration,Spiritual&LifeJourney,Family,Spiritual&LifeJourney,Celebration,Religion,Life&Emotion,Celebration,Celebration,Time&Memories,Celebration,Spiritual&LifeJourney,Life&Emotion,World&Peace,Nature,Celebration,Nature,Celebration,Celebration,Family,World&Peace,Family,Life&Emotion,Family,Celebration,Family,Celebration,Family,World&Peace,Art,Celebration,Celebration,Life&Emotion
Sub109,Nature,Park,Life&Emotion,Nature,Time&Memories,Park,Spiritual&LifeJourney,Nature,Nature,Spiritual&LifeJourney,Spiritual&LifeJourney,Nature,Celebration,World&Peace,Religion,Celebration,World&Peace,World&Peace,Spiritual&LifeJourney,World&Peace,Nature,Nature,Art,Spiritual&LifeJourney,Life&Emotion,Art,World&Peace,World&Peace,Nature,Nature,Nature,Spiritual&LifeJourney,Nature,World&Peace,World&Peace,Park,Life&Emotion,Religion,Park,Nature
Sub110,Art,Life&Emotion,Art,Nature,World&Peace,World&Peace,Celebration,Family,Nature,Celebration,Nature,Nature,Park,World&Peace,Life&Emotion,Park,Family,Religion,World&Peace,Celebration,Nature,Celebration,Time&Memories,Nature,Nature,Life&Emotion,Art,Celebration,Family,Celebration,Life&Emotion,Art,Nature,World&Peace,Religion,Life&Emotion,Life&Emotion,Time&Memories,Nature,Nature
Sub111,Nature,Nature,Time&Memories,Family,Life&Emotion,World&Peace,Life&Emotion,World&Peace,Park,Art,Religion,Religion,Religion,Religion,World&Peace,Nature,Nature,Religion,Park,Spiritual&LifeJourney,World&Peace,Spiritual&LifeJourney,Nature,Religion,Time&Memories,World&Peace,Celebration,Art,Celebration,Celebration,Spiritual&LifeJourney,Family,Art,Time&Memories,Celebration,Time&Memories,Religion,Life&Emotion,Art,Family
Sub112,Celebration,World&Peace,Park,Park,Nature,Religion,Time&Memories,Celebration,Celebration,World&Peace,Nature,World&Peace,Art,Park,World&Peace,Spiritual&LifeJourney,Religion,Nature,Spiritual&LifeJourney,Park,World&Peace,Park,Family,Art,Park,Nature,World&Peace,World&Peace,Art,Spiritual&LifeJourney,Celebration,Life&Emotion,Celebration,Spiritual&LifeJourney,Nature,Celebration,Spiritual&LifeJourney,Nature,Time&Memories,Art
Sub113,Spiritual&LifeJourney,Nature,World&Peace,Celebration,Nature,Park,Nature,World&Peace,Life&Emotion,Life&Emotion,Art,Life&Emotion,Celebration,Art,Spiritual&LifeJourney,Religion,Spiritual&LifeJourney,Time&Memories,Family,Park,Life&Emotion,Art,Spiritual&LifeJourney,Nature,Nature,Spiritual&LifeJourney,Nature,Nature,Religion,Family,Spiritual&LifeJourney,Nature,Life&Emotion,Religion,Nature,World&Peace,Nature,Nature,World&Peace,Nature
Sub114,Art,World&Peace,Life&Emotion,Religion,Family,Spiritual&LifeJourney,Art,Religion,Spiritual&LifeJourney,Religion,Art,Celebration,World&Peace,Life&Emotion,Religion,Spiritual&LifeJourney,Religion,Religion,Religion,Time&Memories,Time&Memories,Nature,Life&Emotion,Time&Memories,Art,Life&Emotion,Religion,Religion,Life&Emotion,Park,Family,Nature,Life&Emotion,Time&Memories,Celebration,Art,Spiritual&LifeJourney,Family,Life&Emotion,Time&Memories
Sub115,Religion,World&Peace,Celebration,Nature,Nature,Time&Memories,Family,Nature,Life&Emotion,Religion,Spiritual&LifeJourney,Religion,Nature,Nature,Family,Life&Emotion,Religion,Life&Emotion,Family,Religion,Religion,Religion,Art,Religion,Religion,Time&Memories,Religion,Life&Emotion,Life&Emotion,Nature,Religion,Nature,Art,Celebration,Religion,Art,Religion,World&Peace,Art,Nature
Sub116,Spiritual&LifeJourney,Spiritual&LifeJourney,Family,Spiritual&LifeJourney,Spiritual&LifeJourney,Spiritual&LifeJourney,Spiritual&LifeJourney,Spiritual&LifeJourney,Spiritual&LifeJourney,Spiritual&LifeJourney,Spiritual&LifeJourney,Family,Spiritual&LifeJourney,Spiritual&LifeJourney,Spiritual&LifeJourney,Family,Spiritual&LifeJourney,Spiritual&LifeJourney,Spiritual&LifeJourney,Spiritual&LifeJourney,Spiritual&LifeJourney,Spiritual&LifeJourney,Spiritual&LifeJourney,Spiritual&LifeJourney,Spiritual&LifeJourney,Spiritual&LifeJourney,Spiritual&LifeJourney,Spiritual&LifeJourney,Spiritual&LifeJourney,Spiritual&LifeJourney,Spiritual&LifeJourney,Spiritual&LifeJourney,Spiritual&LifeJourney,Spiritual&LifeJourney,Spiritual&LifeJourney,Spiritual&LifeJourney,Spiritual&LifeJourney,Spiritual&LifeJourney,Family,Spiritual&LifeJourney
Sub117,Life&Emotion,Celebration,Family,Life&Emotion,Family,Religion,Nature,Religion,Celebration,Life&Emotion,Spiritual&LifeJourney,Art,Nature,Time&Memories,Spiritual&LifeJourney,World&Peace,World&Peace,Art,Nature,Nature,Art,Celebration,Nature,Art,Time&Memories,Celebration,World&Peace,Art,Spiritual&LifeJourney,Park,Celebration,Park,Art,Art,World&Peace,Time&Memories,Life&Emotion,World&Peace,Time&Memories,Spiritual&LifeJourney
Sub118,Time&Memories,Art,Nature,World&Peace,Religion,Time&Memories,Religion,Nature,World&Peace,World&Peace,Religion,Life&Emotion,World&Peace,Nature,Family,Nature,Nature,Spiritual&LifeJourney,Life&Emotion,Religion,Life&Emotion,Park,Time&Memories,Time&Memories,Park,Art,Time&Memories,Art,Spiritual&LifeJourney,Celebration,World&Peace,Life&Emotion,Art,Family,Celebration,Art,Religion,Nature,Art,Celebration
Sub119,Spiritual&LifeJourney,Time&Memories,Celebration,Celebration,Family,Art,World&Peace,Time&Memories,Spiritual&LifeJourney,Spiritual&LifeJourney,Life&Emotion,Celebration,Art,Family,Spiritual&LifeJourney,Time&Memories,Nature,World&Peace,Family,Nature,Religion,Nature,Spiritual&LifeJourney,Religion,Nature,Family,Celebration,World&Peace,Religion,Celebration,Life&Emotion,Nature,Spiritual&LifeJourney,Life&Emotion,Time&Memories,Time&Memories,Time&Memories,Time&Memories,Nature,Nature
Sub120,Park,Spiritual&LifeJourney,Life&Emotion,Art,Life&Emotion,World&Peace,Celebration,Spiritual&LifeJourney,Life&Emotion,Nature,Time&Memories,Park,Life&Emotion,World&Peace,World&Peace,Time&Memories,Religion,Nature,Art,Time&Memories,Park,Family,Time&Memories,Family,World&Peace,Life&Emotion,Life&Emotion,Time&Memories,World&Peace,Life&Emotion,Art,Celebration,World&Peace,Time&Memories,Art,Nature,Art,Nature,Art,World&Peace
Sub121,Family,Spiritual&LifeJourney,Art,Nature,Religion,Spiritual&LifeJourney,Celebration,Park,Celebration,Religion,World&Peace,Nature,Life&Emotion,Time&Memories,Religion,Family,Spiritual&LifeJourney,Religion,Nature,Art,Nature,Spiritual&LifeJourney,Spiritual&LifeJourney,World&Peace,Spiritual&LifeJourney,Art,Celebration,Time&Memories,Nature,World&Peace,Time&Memories,Spiritual&LifeJourney,Religion,Life&Emotion,Family,Life&Emotion,Celebration,Time&Memories,Nature,Spiritual&LifeJourney
Sub122,Family,Celebration,Life&Emotion,World&Peace,Art,Nature,Art,Nature,Life&Emotion,Park,Nature,Celebration,World&Peace,Park,Time&Memories,Art,Park,Park,Nature,World&Peace,Art,Nature,Park,Celebration,Celebration,Art,World&Peace,World&Peace,Park,Spiritual&LifeJourney,World&Peace,Spiritual&LifeJourney,World&Peace,Park,World&Peace,World&Peace,Spiritual&LifeJourney,Art,Life&Emotion,World&Peace
Sub123,World&Peace,Art,Time&Memories,Religion,World&Peace,Nature,Nature,Park,Life&Emotion,Life&Emotion,World&Peace,Celebration,Park,Spiritual&LifeJourney,Time&Memories,World&Peace,Life&Emotion,Life&Emotion,Spiritual&LifeJourney,Time&Memories,Spiritual&LifeJourney,Celebration,Spiritual&LifeJourney,World&Peace,Religion,Spiritual&LifeJourney,Spiritual&LifeJourney,Religion,Art,Nature,Religion,Life&Emotion,Celebration,Spiritual&LifeJourney,Art,Spiritual&LifeJourney,World&Peace,Time&Memories,Life&Emotion,Life&Emotion
Sub124,Spiritual&LifeJourney,Religion,World&Peace,Nature,Religion,World&Peace,Park,Family,Spiritual&LifeJourney,World&Peace,Art,Nature,World&Peace,Spiritual&LifeJourney,Celebration,Religion,Life&Emotion,Nature,Time&Memories,Nature,Life&Emotion,Family,Nature,World&Peace,Nature,Celebration,Spiritual&LifeJourney,Life&Emotion,Park,Celebration,Nature,Celebration,Nature,Time&Memories,Art,Religion,Religion,Park,Park,Art
Sub125,World&Peace,Park,Nature,Family,Religion,Religion,Time&Memories,Spiritual&LifeJourney,Time&Memories,Nature,Art,Park,Time&Memories,Spiritual&LifeJourney,Religion,Life&Emotion,Spiritual&LifeJourney,Time&Memories,Art,World&Peace,Park,Park,World&Peace,Nature,Nature,Celebration,Life&Emotion,Spiritual&LifeJourney,Time&Memories,Celebration,Spiritual&LifeJourney,Park,Nature,Celebration,Spiritual&LifeJourney,Celebration,Nature,Religion,Nature,Spiritual&LifeJourney
Sub126,Art,Religion,Art,Nature,Art,Art,Art,Art,Art,Art,Art,Nature,Art,Art,Art,Spiritual&LifeJourney,Spiritual&LifeJourney,Art,Time&Memories,Art,Art,Spiritual&LifeJourney,Art,Time&Memories,Art,Art,Art,Art,Art,Art,Art,Art,Art,Art,Art,Art,Art,Art,Art,Art
Sub127,Nature,Park,World&Peace,Nature,Park,Religion,Religion,Time&Memories,Art,Celebration,Life&Emotion,Nature,World&Peace,Celebration,Celebration,Celebration,Park,Nature,Time&Memories,Nature,Celebration,Nature,Nature,Nature,Nature,Celebration,Religion,Time&Memories,Celebration,Spiritual&LifeJourney,Nature,Nature,Time&Memories,Nature,Nature,Time&Memories,Park,Time&Memories,Religion,Nature
Sub128,Park,Park,Nature,World&Peace,Park,Nature,Art,Nature,Art,Art,Celebration,Celebration,Park,Celebration,Art,Nature,Art,Celebration,Park,Park,Nature,Celebration,World&Peace,Spiritual&LifeJourney,Celebration,Nature,Nature,Nature,Nature,Art,Spiritual&LifeJourney,Spiritual&LifeJourney,Spiritual&LifeJourney,Nature,Park,Nature,Celebration,Park,Spiritual&LifeJourney,Spiritual&LifeJourney
Sub129,Nature,Family,Life&Emotion,Nature,Spiritual&LifeJourney,Nature,Time&Memories,Celebration,Park,Art,Life&Emotion,Nature,Art,Spiritual&LifeJourney,Art,Spiritual&LifeJourney,Nature,Family,Nature,Time&Memories,Celebration,Park,Nature,Art,Life&Emotion,Celebration,Spiritual&LifeJourney,Art,Nature,Nature,Family,Spiritual&LifeJourney,Park,Park,Art,Nature,Art,Park,Art,Family
Sub130,Spiritual&LifeJourney,Religion,Family,Park,World&Peace,Park,Life&Emotion,Time&Memories,Spiritual&LifeJourney,Nature,Art,World&Peace,Nature,Park,Time&Memories,Celebration,Nature,World&Peace,Life&Emotion,Life&Emotion,Time&Memories,Time&Memories,Life&Emotion,World&Peace,Celebration,Art,Art,Life&Emotion,World&Peace,World&Peace,Religion,Religion,Life&Emotion,Family,Art,Park,Celebration,Life&Emotion,World&Peace,Spiritual&LifeJourney
Sub131,Celebration,Time&Memories,Life&Emotion,Art,Religion,Life&Emotion,Art,Time&Memories,Religion,Celebration,Nature,Celebration,Nature,Time&Memories,Life&Emotion,Art,Art,World&Peace,Celebration,Nature,Spiritual&LifeJourney,Nature,Nature,Religion,Life&Emotion,World&Peace,Religion,Celebration,Nature,World&Peace,Park,Family,World&Peace,Nature,Celebration,Art,World&Peace,Nature,World&Peace,Time&Memories
Sub132,Nature,Time&Memories,Art,Life&Emotion,Time&Memories,Nature,Time&Memories,Life&Emotion,Nature,World&Peace,Nature,World&Peace,Art,Nature,Park,Art,Art,World&Peace,Art,Time&Memories,Nature,Time&Memories,Art,Nature,Nature,Art,World&Peace,Nature,Life&Emotion,Nature,World&Peace,Park,Art,Park,Art,Art,Time&Memories,Art,Nature,Art
Sub133,World&Peace,Celebration,Religion,Family,Religion,Nature,Celebration,Park,Nature,World&Peace,Religion,Family,Religion,Park,Religion,Religion,Nature,Celebration,Art,Life&Emotion,Life&Emotion,Celebration,Time&Memories,Time&Memories,Celebration,Spiritual&LifeJourney,Time&Memories,Art,Nature,Spiritual&LifeJourney,Nature,Religion,Art,Celebration,Art,Art,Religion,World&Peace,Nature,Time&Memories
Sub134,Spiritual&LifeJourney,Nature,Celebration,Nature,Art,Art,Life&Emotion,Park,Art,Art,Nature,Life&Emotion,Art,Art,Art,Park,Park,Nature,Art,Nature,World&Peace,Nature,Nature,Nature,World&Peace,Park,Nature,World&Peace,Spiritual&LifeJourney,World&Peace,Life&Emotion,Time&Memories,Time&Memories,Celebration,Life&Emotion,Celebration,Nature,Art,Art,Celebration
Sub135,Art,World&Peace,Time&Memories,Nature,Spiritual&LifeJourney,Religion,Nature,Nature,Nature,World&Peace,Time&Memories,Park,Time&Memories,World&Peace,Time&Memories,Art,Park,World&Peace,Family,Religion,Life&Emotion,Family,Religion,Life&Emotion,Park,Religion,Spiritual&LifeJourney,Religion,Art,Nature,Life&Emotion,Park,Art,Religion,Celebration,Park,Celebration,Religion,Nature,World&Peace
Sub136,Spiritual&LifeJourney,Celebration,Celebration,Life&Emotion,Life&Emotion,Park,Celebration,World&Peace,World&Peace,World&Peace,Park,Spiritual&LifeJourney,Park,Spiritual&LifeJourney,Park,Life&Emotion,World&Peace,Celebration,Spiritual&LifeJourney,World&Peace,Nature,Family,Time&Memories,Time&Memories,Celebration,Life&Emotion,Time&Memories,Family,Time&Memories,Park,Time&Memories,Celebration,Time&Memories,Time&Memories,Celebration,Religion,Celebration,Nature,Park,Celebration
Sub137,Life&Emotion,Nature,World&Peace,Park,Art,World&Peace,Nature,World&Peace,World&Peace,Spiritual&LifeJourney,World&Peace,World&Peace,Art,Religion,Nature,Art,Time&Memories,Time&Memories,Nature,Park,World&Peace,Celebration,Time&Memories,Religion,World&Peace,Spiritual&LifeJourney,Religion,Celebration,Time&Memories,Art,World&Peace,World&Peace,Religion,Nature,Life&Emotion,World&Peace,Life&Emotion,Spiritual&LifeJourney,World&Peace,Family
Sub138,Art,Time&Memories,Time&Memories,Nature,Park,Park,Park,Nature,Spiritual&LifeJourney,World&Peace,Art,Spiritual&LifeJourney,Art,World&Peace,Time&Memories,Life&Emotion,Art,Park,Art,Art,Spiritual&LifeJourney,Celebration,Nature,Celebration,Art,Nature,World&Peace,Celebration,Nature,Spiritual&LifeJourney,Park,Nature,Nature,World&Peace,Celebration,Art,Art,Spiritual&LifeJourney,Spiritual&LifeJourney,Time&Memories
Sub139,World&Peace,Religion,Religion,Religion,Art,World&Peace,Family,World&Peace,Life&Emotion,World&Peace,Religion,Religion,Religion,World&Peace,Art,World&Peace,Nature,Religion,Spiritual&LifeJourney,World&Peace,Nature,Art,Spiritual&LifeJourney,Time&Memories,Religion,Time&Memories,Nature,Art,Celebration,World&Peace,World&Peace,World&Peace,World&Peace,Art,Nature,World&Peace,World&Peace,Celebration,Life&Emotion,Art
Sub140,Park,Celebration,World&Peace,Religion,World&Peace,Park,Park,Nature,Spiritual&LifeJourney,Time&Memories,Nature,World&Peace,Celebration,Celebration,Nature,Art,Time&Memories,Life&Emotion,Time&Memories,Time&Memories,World&Peace,Park,Nature,Nature,Art,Celebration,Art,Religion,Life&Emotion,Family,Celebration,Celebration,Art,World&Peace,Family,Spiritual&LifeJourney,Life&Emotion,Life&Emotion,Spiritual&LifeJourney,Spiritual&LifeJourney
Sub141,Celebration,Celebration,Celebration,Celebration,Family,Spiritual&LifeJourney,Spiritual&LifeJourney,World&Peace,Time&Memories,Life&Emotion,Celebration,Park,Religion,Spiritual&LifeJourney,Celebration,Art,Celebration,Nature,Life&Emotion,Life&Emotion,World&Peace,Nature,Time&Memories,Nature,Spiritual&LifeJourney,World&Peace,Nature,Life&Emotion,Art,Life&Emotion,Family,Family,Spiritual&LifeJourney,Park,Nature,Nature,World&Peace,Life&Emotion,Religion,Life&Emotion
Sub142,World&Peace,Nature,Nature,Nature,Park,Nature,Nature,Park,Nature,Nature,Celebration,Park,Spiritual&LifeJourney,Spiritual&LifeJourney,Religion,Life&Emotion,Nature,Park,Family,Art,Nature,Celebration,Nature,Art,Art,Nature,Life&Emotion,Life&Emotion,Nature,Park,World&Peace,Life&Emotion,Nature,Life&Emotion,Art,Nature,Art,Nature,Art,Nature
Sub143,Nature,Religion,Religion,Time&Memories,Time&Memories,Life&Emotion,Life&Emotion,Time&Memories,Celebration,Art,Celebration,Nature,Life&Emotion,Park,Celebration,World&Peace,Art,Life&Emotion,Park,World&Peace,Spiritual&LifeJourney,World&Peace,Park,Park,Celebration,Life&Emotion,Park,World&Peace,Family,Spiritual&LifeJourney,Time&Memories,Religion,Family,Art,Religion,Celebration,Spiritual&LifeJourney,World&Peace,Celebration,Art
Sub144,Nature,Park,Life&Emotion,Nature,Spiritual&LifeJourney,Park,Spiritual&LifeJourney,Nature,Nature,Nature,Nature,Park,Nature,Nature,World&Peace,Nature,Nature,Park,Nature,Park,World&Peace,Time&Memories,Time&Memories,Nature,Spiritual&LifeJourney,Park,Nature,Spiritual&LifeJourney,Park,Nature,Spiritual&LifeJourney,World&Peace,Nature,Nature,Celebration,Park,Park,Park,World&Peace,Park
Sub145,Life&Emotion,World&Peace,Family,Nature,Spiritual&LifeJourney,Spiritual&LifeJourney,World&Peace,Celebration,Nature,Time&Memories,World&Peace,Art,Family,Religion,Religion,Life&Emotion,Nature,Nature,Park,Celebration,Nature,Religion,Park,Life&Emotion,Nature,Park,Life&Emotion,Religion,Nature,Celebration,World&Peace,Spiritual&LifeJourney,Nature,World&Peace,Family,Celebration,World&Peace,Art,World&Peace,Park
Sub146,Art,Park,Nature,World&Peace,Spiritual&LifeJourney,World&Peace,Life&Emotion,Art,World&Peace,Nature,Art,Celebration,Celebration,Life&Emotion,Nature,Nature,Park,Celebration,Life&Emotion,Art,Park,World&Peace,Art,World&Peace,Life&Emotion,Time&Memories,Family,Spiritual&LifeJourney,World&Peace,Religion,Celebration,Park,Celebration,Art,World&Peace,World&Peace,Art,World&Peace,World&Peace,Time&Memories
Sub147,Park,Park,Nature,Park,Park,Park,Nature,Park,Nature,Nature,World&Peace,Park,Park,Nature,World&Peace,World&Peace,Park,Nature,Nature,Spiritual&LifeJourney,Park,Park,Park,Park,Park,Park,Nature,Park,Nature,Life&Emotion,Park,Park,Park,Nature,Park,Park,Park,Park,Park,Park
Sub148,World&Peace,Celebration,World&Peace,Celebration,Park,Family,Park,Religion,Time&Memories,World&Peace,Spiritual&LifeJourney,Life&Emotion,World&Peace,Time&Memories,Religion,Celebration,Celebration,Spiritual&LifeJourney,Religion,Time&Memories,Life&Emotion,World&Peace,Celebration,Park,Spiritual&LifeJourney,Celebration,Art,Art,Park,Family,Nature,Time&Memories,Life&Emotion,Family,World&Peace,Life&Emotion,Art,Religion,Nature,Family
Sub149,Nature,Nature,Celebration,Nature,Nature,Art,Park,Nature,Spiritual&LifeJourney,Park,Nature,Park,Nature,Art,Art,Time&Memories,Spiritual&LifeJourney,Art,Celebration,Nature,Nature,Park,Spiritual&LifeJourney,Nature,Spiritual&LifeJourney,Spiritual&LifeJourney,Nature,Nature,Park,Nature,Spiritual&LifeJourney,Park,Nature,Nature,Park,Nature,Art,Park,Nature,Spiritual&LifeJourney
Sub150,World&Peace,Nature,Park,Nature,Park,Art,Spiritual&LifeJourney,Art,Art,Art,Park,Nature,Nature,Park,Life&Emotion,Art,Spiritual&LifeJourney,Nature,Art,Park,Nature,Spiritual&LifeJourney,Time&Memories,World&Peace,Nature,Nature,Nature,Spiritual&LifeJourney,Nature,Celebration,Art,Park,Nature,Nature,Celebration,Park,Nature,Nature,Park,Religion
Sub151,Time&Memories,Life&Emotion,Spiritual&LifeJourney,Nature,Time&Memories,Art,Life&Emotion,Celebration,Nature,Time&Memories,Nature,Spiritual&LifeJourney,Time&Memories,Spiritual&LifeJourney,Art,Time&Memories,Nature,World&Peace,Park,Nature,Art,Life&Emotion,Time&Memories,Life&Emotion,Celebration,Art,World&Peace,World&Peace,Art,Family,Spiritual&LifeJourney,Spiritual&LifeJourney,Park,Nature,Life&Emotion,World&Peace,Spiritual&LifeJourney,Park,Family,Spiritual&LifeJourney
Sub152,Celebration,Time&Memories,Spiritual&LifeJourney,Nature,Nature,Religion,Life&Emotion,Celebration,Nature,Celebration,Religion,Nature,World&Peace,Spiritual&LifeJourney,Park,Religion,World&Peace,Park,Art,Nature,Park,Nature,Life&Emotion,Family,Nature,Park,Nature,Spiritual&LifeJourney,Nature,Spiritual&LifeJourney,Time&Memories,Park,Park,World&Peace,Life&Emotion,World&Peace,Art,Religion,Art,Life&Emotion
Sub153,Nature,Time&Memories,Time&Memories,Art,Time&Memories,Art,Life&Emotion,World&Peace,Time&Memories,Religion,Life&Emotion,Park,Time&Memories,World&Peace,Time&Memories,Nature,Time&Memories,Nature,Time&Memories,Nature,Nature,Life&Emotion,Art,Time&Memories,Life&Emotion,Art,Art,Celebration,Life&Emotion,Nature,Nature,World&Peace,Time&Memories,Park,Park,Nature,Life&Emotion,Time&Memories,Life&Emotion,Time&Memories
Sub154,Celebration,Family,Religion,Religion,Art,Religion,Nature,Time&Memories,Nature,Art,World&Peace,Nature,Nature,Spiritual&LifeJourney,Life&Emotion,Religion,Art,Life&Emotion,World&Peace,Life&Emotion,Time&Memories,Time&Memories,Art,Art,Religion,Religion,Religion,World&Peace,Nature,Celebration,Life&Emotion,Art,Art,World&Peace,Religion,Art,Life&Emotion,Art,World&Peace,Religion
Sub155,Religion,Art,Art,Religion,Art,Family,Art,World&Peace,Time&Memories,World&Peace,Religion,Time&Memories,Religion,Religion,Religion,Art,Art,Religion,Time&Memories,Religion,Religion,Religion,Religion,Religion,Spiritual&LifeJourney,Art,Art,Spiritual&LifeJourney,Time&Memories,Time&Memories,Art,Celebration,Religion,Religion,Religion,Religion,Religion,Art,Art,World&Peace
Sub156,Life&Emotion,World&Peace,Time&Memories,Time&Memories,Life&Emotion,Life&Emotion,Life&Emotion,Family,Life&Emotion,Nature,Nature,Religion,Life&Emotion,Celebration,Celebration,Spiritual&LifeJourney,Life&Emotion,Art,Family,Art,Time&Memories,Art,World&Peace,Art,Religion,Spiritual&LifeJourney,Park,Time&Memories,Spiritual&LifeJourney,Family,Religion,Life&Emotion,Religion,Park,Spiritual&LifeJourney,World&Peace,Time&Memories,Nature,Park,Family
Sub157,Time&Memories,Park,Park,World&Peace,Religion,Time&Memories,Spiritual&LifeJourney,Spiritual&LifeJourney,Celebration,Religion,World&Peace,Religion,Celebration,Art,Art,Celebration,Spiritual&LifeJourney,Religion,Park,Time&Memories,Nature,World&Peace,Time&Memories,Spiritual&LifeJourney,Nature,Religion,World&Peace,Nature,Nature,Religion,Life&Emotion,World&Peace,Spiritual&LifeJourney,Art,Park,Park,Spiritual&LifeJourney,Life&Emotion,Nature,Art
Sub158,Park,Time&Memories,Celebration,Religion,Nature,Life&Emotion,Celebration,Park,Time&Memories,Nature,Celebration,Religion,Life&Emotion,Park,Celebration,Nature,Life&Emotion,Religion,Spiritual&LifeJourney,Park,Spiritual&LifeJourney,Life&Emotion,Nature,Time&Memories,Time&Memories,World&Peace,Art,Religion,Celebration,Park,Celebration,Art,Life&Emotion,Celebration,Life&Emotion,Spiritual&LifeJourney,Spiritual&LifeJourney,Life&Emotion,World&Peace,Nature
Sub159,Celebration,Celebration,Religion,Religion,Nature,Religion,Spiritual&LifeJourney,Spiritual&LifeJourney,Nature,Life&Emotion,Art,Spiritual&LifeJourney,Religion,Nature,Religion,Art,Religion,Life&Emotion,Nature,Religion,Religion,Nature,Spiritual&LifeJourney,Religion,Religion,World&Peace,Art,Nature,Religion,Religion,Spiritual&LifeJourney,Art,Art,World&Peace,World&Peace,World&Peace,Celebration,Nature,Nature,World&Peace
Sub160,Life&Emotion,World&Peace,Art,Life&Emotion,World&Peace,Time&Memories,Nature,Spiritual&LifeJourney,Celebration,Time&Memories,Religion,Celebration,Life&Emotion,Life&Emotion,Nature,Life&Emotion,Life&Emotion,Park,Celebration,Art,Spiritual&LifeJourney,Art,Park,Park,Spiritual&LifeJourney,Art,Park,Life&Emotion,Life&Emotion,Religion,Celebration,Life&Emotion,Family,Art,Nature,Family,Nature,Park,World&Peace,World&Peace
Sub161,Park,World&Peace,Nature,World&Peace,Time&Memories,World&Peace,Life&Emotion,Celebration,Nature,Life&Emotion,World&Peace,World&Peace,Celebration,World&Peace,Nature,Art,Religion,Religion,Religion,Celebration,Time&Memories,Life&Emotion,Religion,Time&Memories,World&Peace,Art,World&Peace,Celebration,Spiritual&LifeJourney,Nature,Spiritual&LifeJourney,Family,Park,Family,Art,Celebration,Park,Celebration,Life&Emotion,Family
Sub162,Spiritual&LifeJourney,Nature,Celebration,World&Peace,Religion,Celebration,Life&Emotion,Life&Emotion,World&Peace,Celebration,Nature,Celebration,Time&Memories,World&Peace,Religion,Spiritual&LifeJourney,Spiritual&LifeJourney,Nature,Family,Park,Life&Emotion,Life&Emotion,Nature,Nature,Art,Park,Nature,Nature,Life&Emotion,Celebration,Nature,Time&Memories,World&Peace,Park,World&Peace,Celebration,Time&Memories,Park,Art,Park
Sub163,Nature,Celebration,Spiritual&LifeJourney,World&Peace,Celebration,Spiritual&LifeJourney,Park,Art,Art,Art,Celebration,World&Peace,Nature,Spiritual&LifeJourney,Art,Art,Celebration,Spiritual&LifeJourney,Art,Celebration,Spiritual&LifeJourney,Spiritual&LifeJourney,Spiritual&LifeJourney,Art,Spiritual&LifeJourney,Spiritual&LifeJourney,Spiritual&LifeJourney,Religion,Celebration,Spiritual&LifeJourney,Spiritual&LifeJourney,Spiritual&LifeJourney,Religion,Park,Spiritual&LifeJourney,Spiritual&LifeJourney,Spiritual&LifeJourney,Nature,Art,Spiritual&LifeJourney
Sub164,Time&Memories,Art,Nature,Nature,Spiritual&LifeJourney,Art,Family,Religion,Nature,Spiritual&LifeJourney,Family,Nature,Park,Spiritual&LifeJourney,Art,Celebration,Park,Art,World&Peace,Nature,Nature,Spiritual&LifeJourney,Nature,Time&Memories,Life&Emotion,Spiritual&LifeJourney,Nature,Art,Park,Celebration,Time&Memories,Spiritual&LifeJourney,Nature,Nature,Religion,Nature,Celebration,Religion,Family,World&Peace
Sub165,Family,Religion,Park,World&Peace,Life&Emotion,Spiritual&LifeJourney,Family,Nature,World&Peace,Park,Art,Life&Emotion,Park,Time&Memories,World&Peace,Time&Memories,Park,Family,Park,Spiritual&LifeJourney,Life&Emotion,Celebration,Spiritual&LifeJourney,Celebration,Nature,Nature,Park,Park,Time&Memories,Life&Emotion,World&Peace,Nature,Time&Memories,Religion,Park,World&Peace,Life&Emotion,Nature,Park,World&Peace
Sub166,Art,Nature,Art,Spiritual&LifeJourney,Nature,World&Peace,Religion,World&Peace,Park,Park,World&Peace,Religion,Park,Life&Emotion,Nature,Religion,Nature,Nature,Time&Memories,Time&Memories,Religion,Nature,Nature,Life&Emotion,Park,Art,Nature,Religion,Religion,Religion,Park,Religion,Religion,Park,Life&Emotion,Religion,Park,Art,Park,Nature
Sub167,Nature,World&Peace,World&Peace,Park,Nature,Art,Time&Memories,Park,Spiritual&LifeJourney,Nature,Art,Nature,World&Peace,Art,Nature,Spiritual&LifeJourney,Nature,Time&Memories,World&Peace,World&Peace,Time&Memories,Celebration,Spiritual&LifeJourney,Art,Life&Emotion,World&Peace,World&Peace,Art,Art,Celebration,Nature,Religion,Religion,Nature,Celebration,Art,Nature,Park,Art,Spiritual&LifeJourney
Sub168,Art,Spiritual&LifeJourney,Life&Emotion,Park,Religion,Life&Emotion,Religion,Family,Life&Emotion,Religion,Nature,Family,World&Peace,Nature,Time&Memories,Park,Time&Memories,Spiritual&LifeJourney,Celebration,Art,Nature,World&Peace,Celebration,Spiritual&LifeJourney,Religion,Celebration,Time&Memories,World&Peace,Nature,Religion,Celebration,Celebration,Religion,Religion,Nature,Celebration,Nature,World&Peace,Spiritual&LifeJourney,Time&Memories
Sub169,Park,Art,Celebration,Park,Life&Emotion,Life&Emotion,Spiritual&LifeJourney,Time&Memories,Family,World&Peace,Nature,Park,Celebration,Park,Time&Memories,Art,Spiritual&LifeJourney,World&Peace,Family,Nature,Nature,Nature,Time&Memories,Nature,Art,Life&Emotion,Celebration,Nature,Spiritual&LifeJourney,Park,Art,Life&Emotion,Park,Family,Art,World&Peace,Time&Memories,Time&Memories,Family,World&Peace
Sub170,Nature,Park,World&Peace,World&Peace,Art,World&Peace,Spiritual&LifeJourney,Nature,Park,Religion,Spiritual&LifeJourney,Art,Religion,Religion,Nature,World&Peace,Nature,World&Peace,Family,World&Peace,Nature,Family,Nature,Family,Art,World&Peace,Family,Family,Life&Emotion,Religion,Religion,Time&Memories,Nature,Celebration,Nature,Celebration,Religion,Life&Emotion,Nature,Nature
Sub171,World&Peace,Spiritual&LifeJourney,Nature,Life&Emotion,Park,Time&Memories,Life&Emotion,Celebration,Art,Art,Park,Art,Religion,Life&Emotion,Time&Memories,Life&Emotion,Nature,Celebration,Art,Celebration,Nature,World&Peace,Spiritual&LifeJourney,Religion,Time&Memories,World&Peace,Life&Emotion,Park,Family,Art,Spiritual&LifeJourney,Celebration,Family,Family,Park,Spiritual&LifeJourney,Family,Spiritual&LifeJourney,Life&Emotion,Spiritual&LifeJourney
Sub172,World&Peace,Nature,World&Peace,Celebration,Nature,Celebration,Religion,World&Peace,Nature,World&Peace,Celebration,Religion,Park,World&Peace,Celebration,World&Peace,Park,Park,Time&Memories,Nature,Park,Nature,Nature,Nature,Spiritual&LifeJourney,Spiritual&LifeJourney,Park,World&Peace,Nature,Nature,Nature,Park,Park,Celebration,World&Peace,Celebration,World&Peace,Spiritual&LifeJourney,Park,Celebration
Sub173,Time&Memories,Religion,Life&Emotion,Celebration,World&Peace,Art,Nature,Family,Time&Memories,Nature,Nature,Spiritual&LifeJourney,Family,Time&Memories,Life&Emotion,Time&Memories,Park,Art,World&Peace,Art,Art,Religion,World&Peace,Celebration,Religion,Life&Emotion,Life&Emotion,Time&Memories,Art,Time&Memories,Celebration,Nature,Spiritual&LifeJourney,Family,Religion,Religion,World&Peace,World&Peace,Celebration,Nature
Sub174,Park,Time&Memories,Nature,Nature,Spiritual&LifeJourney,Religion,Religion,Life&Emotion,Spiritual&LifeJourney,Family,Park,World&Peace,Park,Time&Memories,World&Peace,Nature,Art,Time&Memories,Park,Celebration,Time&Memories,Celebration,Spiritual&LifeJourney,Spiritual&LifeJourney,Celebration,Spiritual&LifeJourney,World&Peace,Religion,Celebration,Time&Memories,Spiritual&LifeJourney,Spiritual&LifeJourney,World&Peace,Art,World&Peace,Nature,Celebration,Park,Nature,Life&Emotion
Sub175,Nature,Nature,Nature,World&Peace,Nature,Nature,Nature,Nature,Religion,Religion,Art,World&Peace,Park,Park,Art,Celebration,Art,Park,Spiritual&LifeJourney,Nature,Nature,Park,World&Peace,Religion,Spiritual&LifeJourney,Spiritual&LifeJourney,Spiritual&LifeJourney,Celebration,Nature,Celebration,Spiritual&LifeJourney,Nature,Spiritual&LifeJourney,Nature,Spiritual&LifeJourney,Spiritual&LifeJourney,Spiritual&LifeJourney,Religion,Nature,World&Peace
Sub176,Park,World&Peace,Spiritual&LifeJourney,Nature,Time&Memories,Religion,World&Peace,Park,Spiritual&LifeJourney,Time&Memories,Time&Memories,Nature,Time&Memories,World&Peace,Nature,World&Peace,Park,Spiritual&LifeJourney,Park,Park,Spiritual&LifeJourney,Park,Spiritual&LifeJourney,Time&Memories,Spiritual&LifeJourney,Spiritual&LifeJourney,Spiritual&LifeJourney,Time&Memories,Park,Park,Spiritual&LifeJourney,Spiritual&LifeJourney,Spiritual&LifeJourney,Nature,Spiritual&LifeJourney,World&Peace,Spiritual&LifeJourney,Spiritual&LifeJourney,Spiritual&LifeJourney,Spiritual&LifeJourney
Sub177,Religion,Spiritual&LifeJourney,World&Peace,Spiritual&LifeJourney,Celebration,World&Peace,Time&Memories,Nature,Celebration,Park,Spiritual&LifeJourney,Spiritual&LifeJourney,Park,Family,Religion,Art,Celebration,Celebration,Nature,World&Peace,World&Peace,Religion,Park,Life&Emotion,Life&Emotion,Park,Celebration,Park,Park,Celebration,Spiritual&LifeJourney,Celebration,World&Peace,Family,Spiritual&LifeJourney,Art,Celebration,Nature,Art,Family
Sub178,Time&Memories,Celebration,Nature,Religion,World&Peace,Art,World&Peace,World&Peace,World&Peace,Life&Emotion,Park,Nature,Time&Memories,Art,Art,Art,Spiritual&LifeJourney,Art,Life&Emotion,Time&Memories,Spiritual&LifeJourney,Art,Nature,World&Peace,Time&Memories,Celebration,Celebration,Art,Time&Memories,Religion,Art,Park,Art,World&Peace,Celebration,Celebration,Spiritual&LifeJourney,Park,Art,Nature
Sub179,World&Peace,Time&Memories,Celebration,Family,Time&Memories,Park,Art,Park,Nature,Park,Time&Memories,Park,Nature,Spiritual&LifeJourney,Spiritual&LifeJourney,Celebration,World&Peace,Park,Celebration,Art,Spiritual&LifeJourney,Park,Art,Celebration,Life&Emotion,Religion,Art,Art,Religion,Life&Emotion,World&Peace,Spiritual&LifeJourney,Nature,World&Peace,Nature,World&Peace,Time&Memories,Life&Emotion,Park,Art
Sub180,Park,Family,Family,Family,Family,Family,Family,Family,Family,Park,Park,Family,Nature,Park,Family,Park,Life&Emotion,Life&Emotion,Art,Family,Family,Time&Memories,Family,Family,Family,Park,Family,Family,Family,Art,Art,Family,Park,Family,Family,Family,Life&Emotion,Park,Nature,Art
Sub181,Art,World&Peace,World&Peace,Nature,Nature,Spiritual&LifeJourney,Art,Nature,World&Peace,Park,Nature,Nature,World&Peace,World&Peace,Nature,Park,Art,Art,Spiritual&LifeJourney,Art,World&Peace,Park,Nature,Art,World&Peace,Spiritual&LifeJourney,World&Peace,Nature,Art,World&Peace,Nature,Spiritual&LifeJourney,World&Peace,World&Peace,Spiritual&LifeJourney,World&Peace,Nature,Nature,World&Peace,Nature
Sub182,World&Peace,Art,Celebration,Park,Park,Nature,Spiritual&LifeJourney,Celebration,Park,Art,Nature,Nature,Park,Celebration,Celebration,Park,Nature,World&Peace,Time&Memories,Nature,Celebration,Nature,Spiritual&LifeJourney,Nature,Celebration,Park,World&Peace,Life&Emotion,Spiritual&LifeJourney,World&Peace,World&Peace,World&Peace,Spiritual&LifeJourney,Park,Time&Memories,Nature,Time&Memories,Nature,World&Peace,World&Peace
Sub183,World&Peace,World&Peace,Art,Park,Nature,World&Peace,Spiritual&LifeJourney,Nature,World&Peace,Art,Nature,Spiritual&LifeJourney,Time&Memories,World&Peace,Park,Nature,World&Peace,Art,World&Peace,Art,Art,Nature,Art,World&Peace,Art,Art,Nature,World&Peace,Nature,Nature,Park,Nature,World&Peace,World&Peace,Art,World&Peace,Park,Nature,Art,Art
Sub184,Time&Memories,World&Peace,Park,Religion,Religion,Time&Memories,Park,Family,Spiritual&LifeJourney,Celebration,Park,Life&Emotion,Art,Art,Life&Emotion,Spiritual&LifeJourney,Park,Celebration,World&Peace,World&Peace,Spiritual&LifeJourney,Celebration,Celebration,Park,Nature,Art,Family,Life&Emotion,Spiritual&LifeJourney,Spiritual&LifeJourney,Time&Memories,Family,Art,World&Peace,Time&Memories,World&Peace,World&Peace,Park,Religion,World&Peace
Sub185,Life&Emotion,Time&Memories,World&Peace,Park,Park,Park,Park,Park,Park,Nature,Nature,Nature,Nature,World&Peace,Art,Art,Spiritual&LifeJourney,Park,Celebration,Nature,Nature,Nature,Art,Nature,Time&Memories,World&Peace,Park,Park,Celebration,Celebration,Spiritual&LifeJourney,Time&Memories,Celebration,Nature,Art,World&Peace,Nature,Park,Nature,Time&Memories
Sub186,Nature,Nature,Life&Emotion,Nature,Celebration,Nature,Nature,Nature,Nature,Nature,Nature,Nature,World&Peace,World&Peace,Art,Nature,Nature,Celebration,Time&Memories,World&Peace,World&Peace,Celebration,Time&Memories,Time&Memories,Celebration,Time&Memories,Park,Spiritual&LifeJourney,Nature,Celebration,Time&Memories,Life&Emotion,Nature,Celebration,World&Peace,Life&Emotion,Park,Time&Memories,Celebration,Time&Memories
Sub187,Nature,Time&Memories,Spiritual&LifeJourney,Nature,Spiritual&LifeJourney,Time&Memories,Park,Celebration,Religion,Life&Emotion,Park,Art,Spiritual&LifeJourney,Celebration,Time&Memories,Spiritual&LifeJourney,Art,Life&Emotion,Time&Memories,Religion,Celebration,Religion,Time&Memories,World&Peace,Nature,Life&Emotion,Art,Nature,Time&Memories,Nature,Spiritual&LifeJourney,Spiritual&LifeJourney,Nature,Time&Memories,Park,World&Peace,Time&Memories,Spiritual&LifeJourney,Spiritual&LifeJourney,Nature
Sub188,Spiritual&LifeJourney,Time&Memories,Celebration,Nature,World&Peace,Time&Memories,Family,Art,Nature,Art,World&Peace,Nature,Religion,Spiritual&LifeJourney,Art,Art,Time&Memories,Spiritual&LifeJourney,Park,Park,Spiritual&LifeJourney,Religion,Nature,Art,Park,Nature,Spiritual&LifeJourney,Spiritual&LifeJourney,Art,Time&Memories,Spiritual&LifeJourney,Art,Art,Religion,Religion,Spiritual&LifeJourney,Park,Art,Art,Spiritual&LifeJourney
Sub189,World&Peace,Nature,Nature,Park,Nature,World&Peace,Art,Nature,Religion,Spiritual&LifeJourney,Park,Art,Park,Art,Family,Life&Emotion,Art,Art,World&Peace,Art,World&Peace,Art,Park,Art,Art,Nature,Art,World&Peace,World&Peace,Life&Emotion,Spiritual&LifeJourney,Art,World&Peace,Nature,Nature,World&Peace,Nature,Art,Nature,World&Peace
Sub190,Art,Nature,Art,Art,Art,Art,Art,Art,Art,Time&Memories,Art,Art,Art,Art,Art,Art,Art,Art,Art,Art,Art,Art,Art,Art,Art,Art,Art,Art,Nature,Art,Art,Art,Art,Art,Art,Art,Art,Art,Art,Art
Sub191,Nature,Religion,Life&Emotion,Park,Nature,Family,Family,Religion,World&Peace,Life&Emotion,Celebration,Celebration,Spiritual&LifeJourney,Celebration,Religion,Life&Emotion,Family,Life&Emotion,Life&Emotion,Family,Park,Time&Memories,Art,Park,Celebration,Nature,Nature,World&Peace,Celebration,Spiritual&LifeJourney,Park,Celebration,World&Peace,Spiritual&LifeJourney,Religion,Life&Emotion,Time&Memories,Life&Emotion,Spiritual&LifeJourney,Nature
Sub192,Nature,Art,Nature,World&Peace,Time&Memories,Spiritual&LifeJourney,Family,Spiritual&LifeJourney,Park,Time&Memories,Time&Memories,Park,Life&Emotion,Art,Family,Family,Nature,Spiritual&LifeJourney,World&Peace,Religion,Art,World&Peace,Religion,Life&Emotion,World&Peace,Park,Family,Nature,Life&Emotion,Spiritual&LifeJourney,Religion,Time&Memories,Celebration,Spiritual&LifeJourney,Celebration,Spiritual&LifeJourney,Family,Nature,Religion,World&Peace
Sub193,World&Peace,Celebration,Spiritual&LifeJourney,Family,Life&Emotion,Spiritual&LifeJourney,Art,Art,Religion,Celebration,Family,Religion,Time&Memories,Nature,Art,World&Peace,Spiritual&LifeJourney,Park,Art,World&Peace,Life&Emotion,Park,Time&Memories,Life&Emotion,Life&Emotion,Spiritual&LifeJourney,Life&Emotion,Art,Time&Memories,Celebration,Nature,Family,Celebration,Nature,Park,Celebration,World&Peace,Park,Nature,Life&Emotion
Sub194,Life&Emotion,Nature,Nature,Religion,Life&Emotion,Park,Celebration,World&Peace,Spiritual&LifeJourney,Life&Emotion,Time&Memories,Religion,Celebration,Art,Art,Time&Memories,Art,Nature,World&Peace,World&Peace,World&Peace,Time&Memories,Art,Celebration,Celebration,Life&Emotion,Celebration,Religion,Nature,Spiritual&LifeJourney,Spiritual&LifeJourney,Celebration,Spiritual&LifeJourney,Time&Memories,World&Peace,Art,Religion,Art,World&Peace,Spiritual&LifeJourney
Sub195,Nature,Spiritual&LifeJourney,Nature,Nature,Spiritual&LifeJourney,World&Peace,Spiritual&LifeJourney,Spiritual&LifeJourney,Park,World&Peace,Nature,Spiritual&LifeJourney,Nature,Park,World&Peace,Spiritual&LifeJourney,World&Peace,Spiritual&LifeJourney,Nature,Park,World&Peace,Spiritual&LifeJourney,Spiritual&LifeJourney,Park,Spiritual&LifeJourney,World&Peace,World&Peace,Celebration,Spiritual&LifeJourney,World&Peace,Park,Spiritual&LifeJourney,World&Peace,Park,Nature,Nature,Spiritual&LifeJourney,Park,World&Peace,Celebration
Sub196,Time&Memories,Park,Park,Life&Emotion,Art,Religion,Spiritual&LifeJourney,Religion,Nature,Religion,Art,Spiritual&LifeJourney,Art,Nature,Nature,Religion,Spiritual&LifeJourney,Nature,Religion,Life&Emotion,Spiritual&LifeJourney,Park,Time&Memories,Park,Park,Spiritual&LifeJourney,Spiritual&LifeJourney,Nature,Art,Nature,Spiritual&LifeJourney,World&Peace,Art,Nature,World&Peace,Nature,World&Peace,World&Peace,Religion,World&Peace
Sub197,Time&Memories,Time&Memories,Religion,Celebration,Spiritual&LifeJourney,Time&Memories,Celebration,Time&Memories,Time&Memories,Celebration,Time&Memories,Time&Memories,Celebration,Spiritual&LifeJourney,Celebration,Celebration,Celebration,Spiritual&LifeJourney,Spiritual&LifeJourney,Time&Memories,Time&Memories,Celebration,Time&Memories,Time&Memories,Spiritual&LifeJourney,Spiritual&LifeJourney,Celebration,Time&Memories,Celebration,Celebration,Celebration,Time&Memories,Time&Memories,Time&Memories,Spiritual&LifeJourney,Spiritual&LifeJourney,Spiritual&LifeJourney,Celebration,Celebration,Time&Memories
Sub198,Park,Nature,Nature,Park,Time&Memories,Nature,World&Peace,Art,Park,Celebration,Nature,World&Peace,World&Peace,Nature,World&Peace,Nature,Nature,Spiritual&LifeJourney,Nature,Nature,World&Peace,Life&Emotion,Family,Nature,World&Peace,Art,Art,Nature,Time&Memories,Spiritual&LifeJourney,World&Peace,Park,Nature,Nature,Park,Park,Celebration,Life&Emotion,Park,Celebration
Sub199,Time&Memories,Spiritual&LifeJourney,Time&Memories,Art,Art,Nature,Celebration,Art,Art,Art,Art,Art,Nature,World&Peace,Park,Nature,Art,Nature,Nature,Nature,Nature,World&Peace,Spiritual&LifeJourney,World&Peace,World&Peace,Spiritual&LifeJourney,World&Peace,World&Peace,World&Peace,Art,World&Peace,Spiritual&LifeJourney,Art,World&Peace,Nature,Nature,Spiritual&LifeJourney,World&Peace,Religion,Spiritual&LifeJourney
Sub200,Park,Life&Emotion,Nature,Family,Nature,Time&Memories,World&Peace,Art,Nature,Religion,Celebration,Religion,World&Peace,Celebration,Nature,Time&Memories,Family,Spiritual&LifeJourney,Nature,Time&Memories,Time&Memories,Religion,World&Peace,Art,World&Peace,Art,World&Peace,Celebration,Celebration,Religion,Spiritual&LifeJourney,Spiritual&LifeJourney,Time&Memories,Family,Celebration,Life&Emotion,Park,Spiritual&LifeJourney,Art,Celebration
