1_timing_First Click,1_timing_Last Click,1_timing_Page Submit,1_timing_Click Count,1_testNSEDImage,2_timing_First Click,2_timing_Last Click,2_timing_Page Submit,2_timing_Click Count,2_testNSEDImage,3_timing_First Click,3_timing_Last Click,3_timing_Page Submit,3_timing_Click Count,3_testNSEDImage,4_timing_First Click,4_timing_Last Click,4_timing_Page Submit,4_timing_Click Count,4_testNSEDImage,5_timing_First Click,5_timing_Last Click,5_timing_Page Submit,5_timing_Click Count,5_testNSEDImage,6_timing_First Click,6_timing_Last Click,6_timing_Page Submit,6_timing_Click Count,6_testNSEDImage,7_timing_First Click,7_timing_Last Click,7_timing_Page Submit,7_timing_Click Count,7_testNSEDImage,8_timing_First Click,8_timing_Last Click,8_timing_Page Submit,8_timing_Click Count,8_testNSEDImage,9_timing_First Click,9_timing_Last Click,9_timing_Page Submit,9_timing_Click Count,9_testNSEDImage,10_timing_First Click,10_timing_Last Click,10_timing_Page Submit,10_timing_Click Count,10_testNSEDImage,11_timing_First Click,11_timing_Last Click,11_timing_Page Submit,11_timing_Click Count,11_testNSEDImage,12_timing_First Click,12_timing_Last Click,12_timing_Page Submit,12_timing_Click Count,12_testNSEDImage,13_timing_First Click,13_timing_Last Click,13_timing_Page Submit,13_timing_Click Count,13_testNSEDImage,14_timing_First Click,14_timing_Last Click,14_timing_Page Submit,14_timing_Click Count,14_testNSEDImage,15_timing_First Click,15_timing_Last Click,15_timing_Page Submit,15_timing_Click Count,15_testNSEDImage,16_timing_First Click,16_timing_Last Click,16_timing_Page Submit,16_timing_Click Count,16_testNSEDImage,17_timing_First Click,17_timing_Last Click,17_timing_Page Submit,17_timing_Click Count,17_testNSEDImage,18_timing_First Click,18_timing_Last Click,18_timing_Page Submit,18_timing_Click Count,18_testNSEDImage,19_timing_First Click,19_timing_Last Click,19_timing_Page Submit,19_timing_Click Count,19_testNSEDImage,20_timing_First Click,20_timing_Last Click,20_timing_Page Submit,20_timing_Click Count,20_testNSEDImage,21_timing_First Click,21_timing_Last Click,21_timing_Page Submit,21_timing_Click Count,21_testNSEDImage,22_timing_First Click,22_timing_Last Click,22_timing_Page Submit,22_timing_Click Count,22_testNSEDImage,23_timing_First Click,23_timing_Last Click,23_timing_Page Submit,23_timing_Click Count,23_testNSEDImage,24_timing_First Click,24_timing_Last Click,24_timing_Page Submit,24_timing_Click Count,24_testNSEDImage,25_timing_First Click,25_timing_Last Click,25_timing_Page Submit,25_timing_Click Count,25_testNSEDImage,26_timing_First Click,26_timing_Last Click,26_timing_Page Submit,26_timing_Click Count,26_testNSEDImage,27_timing_First Click,27_timing_Last Click,27_timing_Page Submit,27_timing_Click Count,27_testNSEDImage,28_timing_First Click,28_timing_Last Click,28_timing_Page Submit,28_timing_Click Count,28_testNSEDImage,29_timing_First Click,29_timing_Last Click,29_timing_Page Submit,29_timing_Click Count,29_testNSEDImage,30_timing_First Click,30_timing_Last Click,30_timing_Page Submit,30_timing_Click Count,30_testNSEDImage,31_timing_First Click,31_timing_Last Click,31_timing_Page Submit,31_timing_Click Count,31_testNSEDImage,32_timing_First Click,32_timing_Last Click,32_timing_Page Submit,32_timing_Click Count,32_testNSEDImage,33_timing_First Click,33_timing_Last Click,33_timing_Page Submit,33_timing_Click Count,33_testNSEDImage,34_timing_First Click,34_timing_Last Click,34_timing_Page Submit,34_timing_Click Count,34_testNSEDImage,35_timing_First Click,35_timing_Last Click,35_timing_Page Submit,35_timing_Click Count,35_testNSEDImage,36_timing_First Click,36_timing_Last Click,36_timing_Page Submit,36_timing_Click Count,36_testNSEDImage,37_timing_First Click,37_timing_Last Click,37_timing_Page Submit,37_timing_Click Count,37_testNSEDImage,38_timing_First Click,38_timing_Last Click,38_timing_Page Submit,38_timing_Click Count,38_testNSEDImage,39_timing_First Click,39_timing_Last Click,39_timing_Page Submit,39_timing_Click Count,39_testNSEDImage,40_timing_First Click,40_timing_Last Click,40_timing_Page Submit,40_timing_Click Count,40_testNSEDImage,thoughts,lab-know,lab-fam,lab-def
5.576,5.576,6.461,1,center,6.972,6.972,8.234,1,walk,6.196,6.196,7.156,1,life,13.557,13.557,15.01,1,life,6.489,6.489,7.548,1,place,5.488,5.488,6.798,1,center,7.74,7.74,8.552,1,place,8.761,8.761,10.061,1,path,5.979,5.979,6.942,1,place,11.663,11.663,13.174,1,life,5.564,5.564,6.522,1,place,8.675,8.675,9.701,1,center,7.032,7.032,8.171,1,place,9.762,9.762,10.691,1,walk,7.84,7.84,8.961,1,walk,5.757,5.757,7.074,1,center,8.107,8.107,9.149,1,center,6.248,6.248,7.334,1,center,11.053,11.053,11.954,1,path,5.859,5.859,6.8,1,place,6.006,6.006,7.058,1,life,5.063,5.063,5.898,1,place,14.629,14.629,15.544,1,life,7.187,7.187,8.407,1,life,10.311,10.311,11.38,1,path,11.434,11.434,12.831,1,place,5.292,5.292,6.102,1,life,6.998,6.998,7.829,1,path,6.77,6.77,7.75,1,path,16.516,16.516,17.762,1,place,5.614,6.309,6.86,2,life,6.19,6.19,7.174,1,life,7.349,8.677,9.611,2,life,5.171,5.171,6.008,1,place,6.418,6.418,7.897,1,life,5.845,5.845,7.273,1,place,9.667,9.667,10.729,1,peace,10.345,10.345,17.742,1,labyrinth,8.612,8.612,9.733,1,path,10.098,10.098,11.172,1,path,Feelings,Yes,Very familiar,Confusing maze
6.557,6.557,9.647,1,path,6.582,7.897,9.058,2,"place,path",2.707,6.102,7.032,3,"walk,labyrinth",9.331,12.396,13.791,3,"center,path,peace",5.814,6.464,7.357,2,"place,path",6.821,8.486,9.525,2,"center,peace",2.087,5.649,6.522,3,"path,labyrinth",1.52,6.497,7.421,3,"path,peace",1.609,6.774,7.631,3,"path,life",5.424,5.902,7.273,2,"center,life",5.853,8.057,9.114,2,"center,path",4.877,6.64,7.816,2,"place,center",4.421,7.743,8.874,3,"walk,path",5.8,7.814,8.756,2,"path,labyrinth",1.51,6.608,7.415,3,"center,labyrinth",1.493,6.643,7.445,3,"path,peace",7.961,16.255,18.747,3,"place,walk,labyrinth",1.779,7.19,7.916,3,"path,life",1.81,6.477,7.31,4,feel,7.315,8.826,9.66,2,"path,life",5.2,6.279,7.228,2,"place,peace",2.173,5.977,7.042,3,"walk,life",7.194,8.306,9.823,2,"life,peace",7.97,7.97,9.32,1,feel,5.08,5.936,7.12,2,"feel,peace",5.994,7.136,7.8,2,"feel,labyrinth",7.581,8.919,9.668,2,"path,labyrinth",5.575,6.47,7.23,2,"place,labyrinth",7.381,8.149,9.12,2,"place,walk",7.74,10.372,11.052,2,"place,feel",1.775,6.766,7.43,3,"center,peace",7.667,10.681,11.908,2,"place,labyrinth",1.769,6.101,7.062,3,"place,peace",11.913,13.641,15.573,2,"place,path",7.161,9.964,11.309,2,"feel,peace",1.469,6.068,6.769,3,"center,walk",1.585,7.717,8.467,3,"life,peace",1.393,6.607,7.339,3,"walk,path",7.852,9.915,11.385,2,"center,peace",6.198,7.496,8.996,2,"life,peace",I was thinking about how it would feel to be in places that looked like the pictures.,Yes,Very familiar,"A maze, twisty place, confusing, winding path"
8.127,9.03,11.549,2,"walk,path",6.717,11.001,11.904,2,"walk,labyrinth",7.483,9.22,10.735,2,"feel,walk",9.53,11.9,13.42,4,"center,life,peace",5.426,6.826,8.394,2,"walk,path",6.376,10.498,11.523,4,"life,god",6.283,7.843,9.088,2,"peace,god",5.602,6.273,7.193,2,"life,god",6.782,7.685,8.956,3,"place,center",6.358,6.358,8.043,1,labyrinth,5.872,8.265,9.313,3,"life,god",5.306,6.22,7.478,2,"life,peace",5.386,5.386,6.5,1,center,6.715,8.411,9.884,2,"place,center",5.627,5.627,6.801,1,walk,5.576,9.471,10.246,3,"walk,path,life",5.765,7.342,8.188,2,"place,center",6.404,10.677,11.633,4,"place,walk,path",11.176,11.176,15.932,1,labyrinth,6.176,6.176,7.19,1,center,7.637,8.245,9.05,2,"center,peace",5.101,7.556,8.614,3,"path,life",4.452,4.452,5.319,1,life,5.207,6.801,7.802,2,"walk,labyrinth",5.215,6.255,8.31,2,"walk,path",6.559,6.559,9.741,1,center,6.105,7.801,8.786,2,"place,center",5.92,5.92,6.868,1,labyrinth,7.539,8.265,9.136,2,"walk,path",7.214,8.878,9.646,4,"place,center",5.124,6.366,7.516,2,"center,life",6.762,8.522,9.3,2,"path,labyrinth",5.153,7.497,8.528,3,"place,walk,path",5.142,5.142,7.077,1,labyrinth,5.659,9.14,10.332,4,"place,feel,center,life",6.201,9.314,10.388,2,"place,center",5.139,6.979,7.946,2,"place,center",10.905,12.315,17.698,2,"walk,path",14.151,16.983,17.859,3,"feel,life,god",5.582,6.89,7.494,2,labyrinth,I was thinking more of a place and trying to distinguish what the images reminded me of and made how they made me feel.,Yes,Moderately familiar,It means an intertwining path to me.
7.621,7.621,8.982,1,feel,8.218,8.218,9.659,1,center,7.455,7.455,9.042,1,center,6.327,6.327,7.913,1,path,10.965,10.965,12.46,1,place,9.805,9.805,11.749,1,place,13.055,13.055,14.788,1,god,6.964,6.964,8.611,1,path,7.488,7.488,9.342,1,life,10.301,10.301,12.048,1,place,6.634,6.634,8.339,1,path,8.401,8.401,10.013,1,place,7.723,7.723,9.574,1,place,12.352,12.352,13.671,1,walk,10.436,10.436,11.951,1,god,10.624,10.624,12.116,1,life,8.547,8.547,11.212,1,path,12.201,12.201,13.676,1,center,7.573,7.573,9.357,1,god,6.491,6.491,8.194,1,place,10.193,10.193,11.825,1,feel,7,7,8.83,1,place,8.287,8.287,9.956,1,peace,9.694,9.694,11.44,1,life,6.654,6.654,7.931,1,path,10.511,10.511,12.32,1,labyrinth,13.279,13.279,14.86,1,peace,8.351,8.351,10.237,1,life,6.269,6.269,8.053,1,walk,8.633,8.633,10.968,1,labyrinth,6.571,9.725,11.119,2,"walk,path",9.29,9.29,10.567,1,life,8.711,8.711,10.456,1,god,8.09,8.09,9.778,1,place,6.849,6.849,8.461,1,peace,8.909,8.909,10.785,1,place,7.712,7.712,9.349,1,path,7.089,7.089,8.65,1,walk,7.321,7.321,8.876,1,god,7.624,7.624,9.224,1,feel,What in the image comes as close to how I perceive it in real life.,Yes,Very familiar,It's a grandiose maze full of pitfalls.
5.208,6.394,7.23,3,"place,center,labyrinth",5.122,6.924,7.76,3,"place,peace,labyrinth",4.966,6.776,7.829,3,"feel,life,god",5.226,6.955,7.695,4,"walk,path,peace",11.721,13.626,15.055,3,"place,feel,path",8.949,11.229,11.867,4,"center,walk,path",5.882,7.275,10.034,3,"life,labyrinth,god",5.005,6.824,8.069,3,"place,life,god",7.007,10.541,11.635,3,"place,path,life",7.783,9.425,10.453,4,"center,path,god",5.028,6.71,7.657,3,"walk,peace,labyrinth",5.267,6.854,7.699,3,"place,path,labyrinth",5.697,8.397,9.08,4,"path,life,god",2.266,9.797,10.556,4,"path,life,peace",10.776,13.092,13.593,4,"feel,center,labyrinth",5.327,5.943,10.465,2,"feel,center,walk,life",5.414,8.169,9.262,4,"feel,life,labyrinth",27.59,30.019,30.284,4,"center,path,peace",11.837,12.975,13.859,3,"feel,center,walk",5.757,7.343,8.147,3,"walk,path,life",4.97,6.523,7.442,3,"walk,life,peace",4.758,8.076,8.743,4,"place,life,labyrinth",5.522,6.9,8.32,3,"place,feel,walk",5.777,7.709,8.697,3,"place,feel,center",5.719,8.25,8.959,3,"place,center,labyrinth",4.602,7.599,8.338,4,"place,feel,labyrinth",7.331,10.183,10.947,5,"walk,labyrinth,god",4.899,6.241,6.854,3,"feel,center,labyrinth",4.696,6.53,7.479,3,"place,walk,labyrinth",4.549,14.845,18.012,5,"place,path,labyrinth",4.722,6.165,7.161,3,"walk,path,god",4.764,7.84,8.778,3,"center,path,labyrinth",4.709,6.015,6.755,3,"feel,walk,labyrinth",5.413,7.929,9.006,4,"walk,life,labyrinth",4.955,6.228,7.096,3,"walk,path,peace",5.026,6.684,7.367,3,"place,center,walk",4.549,7.97,8.71,5,"feel,path,god",4.837,6.263,7.092,3,"place,walk,peace",14.609,15.963,16.678,3,"feel,walk,labyrinth",5.215,6.386,7.212,3,"center,life,peace",I felt like they all looked the same,Prefer not to answer,Prefer not to answer,It means like a difficult path
16.259,16.259,19.654,1,center,8.954,15.851,16.433,2,place,4.115,9.115,10.13,3,"place,center",7.39,8.33,9.275,2,"place,center",16.917,17.653,18.843,2,"place,center",2.68,7.023,9.978,3,"place,center",12.514,13.244,14.076,2,"place,center",6.166,6.166,7.313,1,place,2.467,8.537,9.667,5,"place,peace",9.484,11.511,13.136,2,"place,center",13.146,13.146,14.163,1,place,4.979,6.96,8.11,2,"place,peace",16.911,16.911,18.01,1,place,10.397,13.114,14.88,3,place,7.659,9.481,10.817,2,"center,path",4.173,8.637,9.574,4,"place,center,life",3.848,11.114,11.674,4,"center,labyrinth",16.77,16.77,18.184,1,place,4.103,10.798,11.972,3,"walk,path",6.252,7.073,8.459,2,"place,peace",9.517,9.517,10.976,1,place,7.273,13.763,14.956,3,path,8.08,19.884,20.75,7,"place,peace",13.239,14.687,15.9,2,"center,life",5.174,11.417,12.61,4,"place,center",5.499,5.499,8.354,1,labyrinth,2.15,8.42,9.286,4,"place,walk,path",20.419,47.785,48.98,6,"feel,labyrinth",3.178,31.669,32.706,3,"place,center",2.155,12.674,13.1,5,place,3.783,10.088,11.179,3,"path,labyrinth",3.93,7.246,8.052,3,"place,life",8.725,8.725,11.483,1,place,1.545,7.417,8.965,4,place,3.083,5.746,6.738,3,"place,peace",2.175,15.618,18.393,7,"place,labyrinth",5.686,6.685,7.547,2,"place,peace",12.517,13.972,15.424,2,"feel,life",5.472,7.634,8.382,3,"place,life",10.823,11.699,12.701,2,labyrinth,Emotions that the pictures evoke.,Yes,Very familiar,A maze or a place where a person traverses to get to a destination.
6.978,10.969,11.766,4,"center,path,god",9.288,13.677,14.861,2,"feel,path",9.977,10.952,12,2,"life,god",5.449,5.449,6.403,1,life,8.82,10.786,11.726,2,"place,feel",5.503,8.157,9.369,2,"place,life",8.127,10.327,11.443,2,"place,center",9.43,11.508,13.764,2,"walk,life",6.415,9.919,10.862,2,"place,life",17.529,17.529,18.69,1,walk,6.298,8.721,9.881,2,"peace,god",6.173,10.621,11.733,2,"life,peace",8.836,8.836,10.895,1,place,7.063,8.527,9.852,2,"walk,path",7.245,8.81,9.903,2,"life,god",7.935,7.935,11.471,1,life,8.089,9.824,11.308,2,"place,center",5.941,7.097,8.22,2,"feel,life",11.417,11.417,13.065,1,life,6.66,6.66,9.119,1,labyrinth,6.136,9.334,10.407,3,"feel,life",7.022,10.063,10.842,3,"feel,life,peace",5.93,8.675,9.524,2,"feel,labyrinth",5.685,5.685,6.528,1,feel,5.605,7.137,8.116,3,"life,god",6.973,9.357,10.156,2,"place,labyrinth",6.755,8.936,9.987,2,"center,walk",10.097,13.525,15.45,2,"path,labyrinth",9.019,10.292,11.688,2,"center,path",8.006,8.006,9.383,1,place,7.441,9.06,10.174,2,"place,life",5.469,5.469,6.555,1,life,8.983,11.646,12.513,3,"life,peace,god",7.737,8.835,10.048,2,"life,god",14.265,14.265,17.414,1,feel,6.521,8.525,9.622,2,"center,peace",6.897,10.604,12.533,2,"place,life",7.016,8.208,9.169,2,"walk,life",6.442,6.442,7.691,1,god,7.91,8.856,11.114,2,"place,labyrinth",How the images made me feel and what I imagined when I view them.,Yes,Very familiar,Sort of a maze. A hard place to travel. Deep or complicated.
7.862,15.301,16.455,3,"place,path,labyrinth",8.348,15.172,16.562,2,"path,labyrinth",7.129,12.218,13.334,5,"center,life,peace",6.759,8.155,9.817,2,"walk,peace",5.374,9.606,10.422,3,"center,walk,path",5.558,7.13,8.472,2,"peace,god",6.869,8.601,9.414,2,"place,center",7.779,11.983,14.017,3,"walk,path,life",9.606,14.589,16.658,3,"path,life,labyrinth",6.628,10.696,12.02,4,"place,feel",8.869,12.233,16.322,2,"center,life",7.796,9.296,10.744,2,"place,feel",6.228,12.817,14.034,2,"place,center",6.65,9.262,10.353,3,"place,feel,center",8.265,12.373,12.757,4,"center,path,life",6.464,12.66,13.456,5,"center,life,peace",5.85,12.746,13.816,4,"place,center,path,life",6.099,10.986,12.555,4,"place,center,path,life",7.373,9.137,10.285,3,"center,life,god",8.909,12.737,14.14,4,"feel,peace",5.642,10.589,11.797,5,"feel,path,labyrinth",9.401,9.401,10.349,1,life,6.026,11.33,13.311,2,"labyrinth,god",8.341,11.688,14.186,2,"place,life",5.702,9.226,10.269,3,"center,path,labyrinth",7.865,9.385,10.44,2,"feel,center",4.876,4.876,5.72,1,labyrinth,6.264,12.376,13.143,3,"walk,path,labyrinth",5.176,10.896,11.672,3,"center,path,labyrinth",8.809,15.577,19.587,4,"place,peace",5.746,8.55,9.481,3,"place,life,labyrinth",5.789,10.308,11.953,3,"feel,life,labyrinth",6.72,12.633,13.421,3,"feel,center,peace",7.91,11.754,13.287,3,"feel,center,path",8.172,10.876,11.659,3,"place,walk,labyrinth",5.737,10.665,11.794,5,"place,center,life",9.852,16.349,17.129,4,"place,path",7.775,10.818,11.756,3,"place,feel,god",8.952,11.732,13.038,2,"place,walk",6.433,10.029,10.955,3,"feel,labyrinth,god",I was thinking about how the image made me feel and how to connect them with the words listed.,Yes,Moderately familiar,"It means a puzzle of some sort.Like a maze, or something that is confusing in a way. "
11.279,11.279,12.269,1,life,6.797,6.797,7.918,1,path,7.947,7.947,9.083,1,place,8.965,13.466,14.862,4,feel,8.295,8.295,10.04,1,walk,9.95,9.95,11.737,1,path,17.171,17.171,18.17,1,center,8.399,8.399,9.277,1,peace,99.416,99.416,100.5,1,feel,7.565,7.565,8.734,1,feel,8.481,8.481,9.729,1,peace,9.225,9.225,10.357,1,path,9.363,9.363,11.507,1,walk,8.32,15.499,23.498,3,labyrinth,6.481,6.481,7.927,1,place,9.251,9.251,10.711,1,center,9.499,9.499,11.683,1,path,6.599,6.599,7.727,1,place,7.928,7.928,8.953,1,walk,7.502,7.502,8.62,1,peace,7.849,7.849,9.176,1,life,6.923,6.923,7.913,1,feel,7.092,7.092,7.857,1,labyrinth,7.099,7.099,7.972,1,labyrinth,7.82,7.82,8.99,1,feel,6.233,6.233,7.271,1,life,5.354,5.354,6.36,1,life,9.339,9.339,10.921,1,feel,6.418,6.418,7.651,1,peace,8.355,8.355,9.361,1,walk,12.459,12.459,14.076,1,place,12.235,12.235,13.213,1,path,6.312,6.312,7.238,1,walk,6.002,6.002,6.93,1,peace,8.604,8.604,9.79,1,path,5.757,5.757,6.6,1,life,34.431,34.431,35.57,1,life,5.92,5.92,7.933,1,life,8.855,8.855,10.699,1,place,5.846,5.846,7.114,1,labyrinth,I was thinking about which description best matched the images.,Yes,Very familiar,Labyrinth means maze to me. It is a path with many directions and obstacles.
4.869,6.6,7.151,3,"feel,labyrinth",6.154,6.154,7.211,1,walk,6.426,7.697,7.987,2,life,5.319,7.235,8.199,2,"center,peace",14.52,15.087,16.426,2,"place,peace",5.506,7.353,8.306,4,"center,god",5.313,7.449,8.219,4,"place,feel",4.987,7.196,7.549,4,"center,path",5.735,8.712,9.64,2,"path,life",8.113,12.041,12.371,7,"place,peace,god",10.4,12.296,13.296,2,"walk,path",5.356,5.996,7.389,2,"walk,labyrinth",2.713,9.504,10.971,3,"walk,path",5.977,9.682,10.492,2,"peace,labyrinth",5.135,8.351,9.256,8,"path,life",5.191,5.631,6.64,2,"path,god",6.977,10.145,10.594,3,"feel,peace",5.626,6.897,7.244,3,labyrinth,6.178,7.49,8.245,4,"center,god",7.894,7.894,9.104,1,place,4.766,5.253,6.056,2,"walk,life",4.515,6.211,7.253,4,"feel,peace",6.55,8.717,9.023,3,"feel,god",4.95,7.3,7.662,3,"center,walk",4.882,8.378,9.298,5,"peace,god",5.869,6.549,12.35,2,peace,5.046,7.613,9.407,6,"place,peace",5.338,8.463,8.825,5,"feel,path",6.646,7.958,8.79,3,"feel,path",4.988,4.988,5.943,1,center,5.23,7.822,8.935,4,"feel,peace",4.977,5.981,7.274,3,"feel,walk",5.304,7.081,8.33,2,"walk,path",6.452,7.349,8.276,2,"path,life",5.079,5.079,6.314,1,path,5.11,5.814,6.17,2,life,4.801,6.07,6.688,2,"place,feel",5.347,7.187,7.541,3,"center,god",4.932,6.042,6.979,3,"feel,center",5.113,6.345,7.579,2,"place,walk",what am I looking at??  ,Yes,Very familiar,a maze that you is very complicated 
5.671,7.507,9.052,2,"walk,path",9.019,14.627,15.519,4,"place,feel,walk,life",6.419,8.993,10.451,3,"place,path,life",6.401,8.033,9.145,2,"place,life",7.619,7.619,10.159,1,walk,7.99,11.529,12.691,3,"place,peace,god",6.121,9.864,11.159,3,"walk,path,peace",7.909,7.909,10.466,1,path,6.836,7.776,8.881,2,"place,path",12.611,17.445,18.418,3,"life,god",8.522,9.961,10.526,2,path,9.69,11.773,13.212,2,"place,peace",7.216,10.183,11.947,2,"place,peace",6.433,7.557,12.38,2,"place,life",13.237,16.756,18.073,3,"place,walk,path",7.492,10.455,11.62,3,"walk,peace,god",5.67,5.67,7.09,1,place,5.658,9.181,10.117,6,"walk,peace,labyrinth,god",7.703,7.703,9.171,1,place,6.544,6.544,7.696,1,center,8.572,10.478,11.531,2,"place,life",6.924,10.615,12.04,3,"place,center,path",6.049,10.119,11.509,3,"place,path,peace",6.463,6.463,7.931,1,place,6.038,13.644,14.653,5,"place,feel,path,life",5.3,5.3,6.513,1,place,5.056,5.056,6.277,1,place,7.966,7.966,9.183,1,place,6.87,6.87,8.371,1,path,6.654,7.886,9.135,2,"path,life",6.095,7.739,9.683,2,"path,life",5.057,12.431,12.905,5,"place,life,peace",6.972,10.983,12.024,5,"place,life,peace,labyrinth,god",5.632,5.632,6.94,1,place,5.516,8.051,9.068,3,"place,walk,life",14.852,50.146,51.765,5,"place,feel,center,path",4.83,4.83,6.468,1,life,5.424,14.082,15.232,4,"place,center,path",6.849,12.892,14.521,4,"place,feel,walk,labyrinth",6.409,6.409,8.73,1,place,"They are not real images,but a fiction of images",Yes,Moderately familiar,i understand it to be a passage with  complex direction
8.868,16.295,18.913,2,"center,peace",9.526,9.526,10.678,1,place,22.396,22.396,23.507,1,walk,6.718,22.417,23.718,3,peace,4.256,10.713,11.541,2,place,3.467,5.177,7.942,2,god,15.701,15.701,16.303,1,center,10.407,10.407,11.701,1,life,9.641,9.641,16.918,1,center,7.867,7.867,23.418,1,path,15.719,15.719,17.319,1,god,7.372,7.372,8.575,1,path,8.582,8.582,10.27,1,path,11.099,11.099,12.445,1,god,19.354,19.354,19.758,1,labyrinth,10.091,10.091,14.461,1,path,11.336,11.336,12.189,1,feel,4.895,4.895,15.657,1,peace,15.448,15.448,16.76,1,place,12.786,12.786,15.155,1,labyrinth,11.985,11.985,12.824,1,feel,22.777,22.777,23.56,1,peace,12.223,12.223,13.355,1,walk,12.696,12.696,14.121,1,peace,10.094,10.094,11.322,1,god,16.943,16.943,19.694,1,feel,10.577,10.577,12.325,1,place,31.406,31.406,32.502,1,place,10.455,10.455,12.017,1,god,9.533,9.533,12.05,1,god,35.497,35.497,35.878,1,labyrinth,14.378,14.378,15.184,1,feel,15.611,15.611,16.267,1,place,22.316,22.316,23.376,1,path,17.029,17.029,17.803,1,peace,11.754,11.754,12.838,1,life,13.173,13.173,14.691,1,labyrinth,19.987,19.987,20.033,1,labyrinth,14.605,14.605,15.3,1,life,14.308,14.308,15.065,1,peace,NICE,No,Very familiar,a complex structure in the inner ear which contains the organs of hearing and balance. It consists of bony cavities
12.099,12.099,13.422,1,place,46.859,47.839,49.203,2,walk,5.264,9.062,10.527,3,peace,10.054,10.054,11.337,1,path,5.846,5.846,7.653,1,place,6.689,6.689,8.02,1,god,22.55,22.55,23.964,1,walk,7.546,7.546,9.011,1,path,6.176,6.176,8.055,1,place,6.843,6.843,8.811,1,life,8.302,8.302,9.929,1,life,9.086,9.086,11.054,1,god,5.951,5.951,7.992,1,path,7.011,7.011,8.759,1,god,6.015,6.015,7.307,1,peace,7.384,7.384,9.248,1,center,6.401,6.401,7.75,1,peace,5.857,5.857,7.233,1,place,5.392,5.392,6.684,1,place,11.402,11.402,12.846,1,peace,4.062,4.062,5.486,1,life,10.714,10.714,12.494,1,walk,6.438,6.438,8.158,1,peace,5.6,5.6,7.403,1,labyrinth,7.178,7.178,8.663,1,place,7.337,7.337,9.075,1,place,3.852,3.852,5.16,1,place,6.304,6.304,8.787,1,god,5.179,5.179,6.883,1,life,5.361,5.361,7.028,1,place,6.722,6.722,8.052,1,path,4.188,4.188,6.208,1,peace,5.9,5.9,7.325,1,peace,7.829,7.829,10.131,1,god,4.665,4.665,6.452,1,walk,4.797,6.485,7.991,2,"center,labyrinth",5.061,5.061,7.101,1,life,6.781,6.781,9.196,1,path,7.699,7.699,13.139,1,center,5.942,7.539,8.579,2,path,What trying to picture the images to the best of my ability so they could comply with the options given.,Yes,Moderately familiar,It means a place or spot having different paths or where it is hard for one to find his way out.
6.497,6.497,8.087,1,life,5.805,5.805,7.138,1,peace,6.423,6.423,8.201,1,god,7.063,7.063,8.786,1,peace,5.901,5.901,7.161,1,place,5.777,5.777,6.907,1,peace,6.907,6.907,8.996,1,walk,19.637,19.637,22.601,1,god,2.867,5.791,7.469,2,peace,6.257,6.257,7.691,1,peace,6.128,6.128,7.352,1,path,7.325,7.325,8.728,1,path,5.779,5.779,7.157,1,center,2.336,11.676,12.927,2,walk,6.417,6.417,8.358,1,god,6.102,6.102,7.595,1,labyrinth,6.741,6.741,10.444,1,walk,56.375,56.375,65.516,1,path,5.574,13.462,15.046,3,path,5.868,5.868,7.101,1,feel,5.829,5.829,7.612,1,god,2.934,5.054,6.4,2,"peace,god",6.521,6.521,7.79,1,feel,3.448,10.342,14.944,5,feel,3.952,3.952,5.201,1,place,30.154,30.154,70.01,1,place,10.685,10.685,15.139,1,peace,4.165,4.165,5.672,1,god,5.063,5.063,6.427,1,feel,5.133,5.133,9.905,1,center,4.902,4.902,8.968,1,walk,4.15,4.15,5.578,1,god,3.663,5.644,6.196,2,labyrinth,3.625,3.625,4.77,1,place,12.611,13.971,14.523,2,feel,3.761,3.761,5.051,1,life,3.299,3.299,4.817,1,life,6.218,10.578,11.801,2,"walk,peace",7.764,7.764,9.156,1,god,39.713,39.713,41.238,1,life,interesting,Yes,Very familiar,basic
8.662,12.497,13.717,2,"walk,path",9.962,9.962,14.991,1,labyrinth,6.777,11.085,12.533,2,"feel,life",6.327,12.789,13.886,3,"center,walk,peace",7.573,7.573,11.3,1,god,16.012,21.409,24.338,3,"center,walk,path",7.708,10.229,12.197,2,"center,life",16.063,19.46,21.637,2,"place,feel",9.947,18.203,19.611,3,"place,feel,center",6.788,6.788,9.395,1,center,6.7,8.54,9.699,2,"center,god",8.227,12.236,13.823,3,"center,walk,path",6.288,10.766,11.984,2,"place,peace",8.693,11.314,12.428,2,"place,peace",6.581,7.854,9.302,2,"feel,life",5.915,8.091,9.439,2,"place,center",7.141,10.247,11.498,3,"center,walk,path",5.704,9.23,10.995,2,"center,god",9.136,20.329,21.915,3,"feel,life,god",9.009,11.347,13.013,2,"feel,peace",6.205,6.205,22.641,1,god,8.66,13.62,15.231,3,"feel,center,peace",9.066,12.01,14.004,3,"center,walk,labyrinth",8.903,10.513,14.807,2,"place,labyrinth",8.271,12.913,13.768,4,"place,walk,path",13.869,17.432,19.364,2,"walk,peace",6.893,12.435,13.554,4,"feel,life,god",6.142,11.516,12.604,2,"feel,god",6.079,10.447,11.488,3,"feel,walk,peace",6.966,10.645,12.626,3,"place,center,labyrinth",5.915,7.271,9.692,2,"life,labyrinth",5.941,7.543,10.416,2,"life,labyrinth",6.434,14.889,16.508,2,"place,labyrinth",7.906,13.792,15.105,3,"place,walk,path",7.179,13.947,15.475,5,"feel,walk,life,labyrinth,god",11.746,15.852,17.662,3,"walk,path,peace",6.796,11.417,12.57,2,"walk,labyrinth",13.59,19.239,20.176,3,"walk,path,peace",9.873,13.261,16.424,2,"walk,labyrinth",7.533,9.167,10.998,2,"life,god",I was thinking about nature ,Yes,Very familiar,A labyrinth is a complex maze 
7.347,7.347,8.362,1,feel,6.392,6.392,8.583,1,center,5.884,5.884,6.756,1,god,5.786,5.786,8.282,1,place,9.837,9.837,11.833,1,peace,5.792,5.792,7.048,1,peace,8.44,8.44,9.393,1,place,6.002,6.002,9.226,1,god,6.593,6.593,7.568,1,walk,6.855,6.855,8.15,1,labyrinth,6.216,6.216,7.318,1,peace,5.613,5.613,6.852,1,path,6.231,6.231,8.398,1,place,6.681,6.681,8.131,1,peace,6.094,6.094,8.31,1,path,6.171,6.171,7.284,1,peace,5.858,5.858,7.081,1,walk,5.369,5.369,6.704,1,peace,5.255,5.255,6.461,1,life,5.648,5.648,7.191,1,place,9.401,9.401,10.848,1,feel,3.529,3.529,6.335,1,life,3.651,3.651,4.705,1,labyrinth,3.889,3.889,4.881,1,peace,5.494,5.494,6.829,1,place,5.271,5.271,6.553,1,walk,3.588,3.588,5.708,1,path,3.056,3.056,4.69,1,god,2.138,2.138,3.401,1,labyrinth,2.574,2.574,4.118,1,center,5.685,5.685,7.108,1,god,3.035,3.035,4.514,1,peace,2.059,2.059,3.361,1,labyrinth,1.622,3.157,3.629,2,path,5.641,5.641,6.585,1,place,5.962,5.962,6.778,1,feel,1.713,1.713,3.209,1,peace,7.503,7.503,10.633,1,center,3.773,4.565,6.461,2,center,2.962,2.962,4.291,1,path,thinking about the images view,Yes,Moderately familiar,certain position
5.395,5.395,30.415,1,center,7.384,11.231,12.297,4,"walk,path,life,labyrinth",263.908,265.398,266.432,3,"place,walk,life",7.499,7.499,8.548,1,path,7.023,7.023,7.906,1,path,5.54,5.54,7.538,1,center,14.507,17.332,18.272,3,"place,path,labyrinth",7.203,13.668,16.096,4,"place,walk,path,labyrinth",6.008,9.42,10.936,4,"place,walk,path,life",6.66,9.706,10.569,3,"center,path,life",8.423,8.423,9.232,1,god,5.939,7.213,8.348,2,"place,life",5.333,5.333,6.417,1,center,8.646,9.912,11.146,2,"center,labyrinth",139.811,140.773,142.126,2,"walk,labyrinth",6.711,6.711,7.58,1,center,28.667,28.667,29.461,1,path,6.179,8.751,9.818,3,"place,walk,path",5.637,6.37,7.375,2,"path,labyrinth",7.447,8.634,9.141,2,path,9.92,12.632,13.711,4,"walk,path",6.485,11.281,12.158,3,"place,walk,path",9.579,9.579,10.793,1,life,5.249,5.249,6.321,1,place,5.445,5.445,6.693,1,path,5.444,5.444,6.263,1,path,164.313,164.313,165.259,1,center,6.691,6.691,8.018,1,life,6.855,6.855,8.032,1,center,21.086,22.704,23.771,3,"path,life,labyrinth",5.611,7.685,8.627,2,"walk,path",53.422,53.422,54.608,1,path,5.883,9.292,10.391,4,"place,path",5.047,5.047,6.386,1,center,5.144,7.123,8.126,3,"place,walk,path",5.097,7.793,8.689,3,"center,path,labyrinth",6.4,6.4,7.226,1,path,5.226,11.59,12.898,4,"place,walk,path,life",6.501,8.817,9.812,3,"place,walk,path",45.078,45.078,45.874,1,labyrinth,forests,Yes,Very familiar,"theseus and the minotaur, passages,hard to find your way"
9.613,9.613,10.837,1,peace,8.351,8.351,9.508,1,peace,6.107,6.107,7.469,1,path,6.254,6.254,22.882,1,labyrinth,6.611,6.611,7.877,1,center,12.93,12.93,13.785,1,labyrinth,6.1,6.1,7.123,1,path,5.853,5.853,11.831,1,peace,6.85,6.85,8.142,1,walk,7.981,7.981,9.283,1,god,5.586,5.586,7.617,1,feel,33.684,33.684,34.616,1,life,11.244,11.244,12.473,1,walk,9.842,9.842,11.587,1,life,8.608,8.608,9.853,1,place,7.437,7.437,8.632,1,walk,6.726,6.726,8.135,1,life,16.811,16.811,17.76,1,place,10.906,10.906,12.067,1,walk,7.614,7.614,8.815,1,labyrinth,7.44,7.44,8.947,1,walk,40.257,40.257,42.788,1,path,27.624,27.624,28.857,1,labyrinth,3.801,3.801,5.462,1,path,4.526,4.526,5.501,1,center,25.884,25.884,26.841,1,life,11.843,11.843,13.002,1,peace,28.292,28.292,30.201,1,walk,8.817,8.817,10.367,1,walk,4.013,4.013,5.313,1,god,6.199,6.199,7.85,1,center,3.124,3.124,4.446,1,place,72.466,72.466,73.634,1,walk,2.981,2.981,5.354,1,path,15.809,15.809,17.029,1,center,4.262,4.262,5.511,1,feel,3.487,3.487,5.477,1,place,4.158,6.766,9.05,3,god,6.354,6.354,7.643,1,feel,13.493,13.493,14.503,1,life,This image is totally abstract,Yes,Moderately familiar,Rough Path
4.877,6.127,6.668,3,"walk,path",5.523,7.364,8.264,2,"path,peace",4.973,5.832,6.999,2,"center,god",1.827,6.852,13.411,3,"feel,life",4.851,5.986,6.762,2,"place,feel",5.123,5.89,7.211,2,"place,walk",5.152,6.291,8.062,3,"feel,path",5.264,6.034,6.88,2,"place,labyrinth",4.172,9.746,10.608,2,path,6.611,7.593,10.322,2,"walk,path",9.365,9.365,10.185,1,center,5.113,6.421,7.193,3,"peace,god",6.945,7.694,8.681,2,"place,god",51.378,53.253,53.975,4,"place,peace",5.552,7.163,8.153,2,"place,path",6.285,6.285,6.813,1,place,5.346,6.329,8.274,2,"place,center",5.516,6.303,7.394,2,"center,labyrinth",5.817,6.72,7.583,2,"life,god",4.855,5.66,6.455,2,"walk,labyrinth",4.339,4.986,13.753,2,"path,god",6.346,8.792,10.281,4,"center,life",23.296,24.137,24.814,2,"feel,path",4.972,5.764,6.572,2,"peace,god",2.198,3.588,4.306,4,"place,center,life",4.617,5.415,7.015,2,"peace,labyrinth",9.86,11.439,12.361,2,"feel,path",2.48,3.011,3.867,2,"life,labyrinth",5.484,7.839,9.694,4,"path,labyrinth",6.328,11.117,12.007,4,"life,peace",6.653,7.332,10.03,2,"feel,path",5.187,6.182,6.915,2,"place,walk",6.557,7.382,10.098,2,"place,god",5.227,7.253,8.04,3,"feel,walk",2.484,10.093,10.906,4,"path,peace",5.988,6.86,8.322,2,"path,god",4.673,9.724,11.969,2,"labyrinth,god",5.647,6.301,7.198,2,"center,god",6.101,6.905,7.947,2,"path,peace",4.421,6.779,7.288,5,"path,labyrinth",I was feeling lonely like I was in a lonely path.,No,Moderately familiar,I only know it to be a movie
4.81,7.966,9.33,4,"place,path,labyrinth",5.414,6.863,8.341,2,"center,god",7.371,12.753,13.733,3,"center,path,peace",10.091,19.204,20.441,6,"feel,walk,path,life,peace,god",7.163,7.163,8.307,1,god,5.153,5.153,8.72,1,center,7.73,10.197,11.254,2,"place,labyrinth",7.291,8.044,9.399,2,"feel,center",7.571,12.965,13.889,4,"place,walk,path,life",6.681,12.172,13.632,2,"center,god",8.169,15.917,17.153,7,"place,center,life,peace,god",12.452,12.452,13.784,1,life,5.43,6.111,7.618,3,labyrinth,6.835,10.981,12.783,2,"feel,life",6.047,6.047,8.291,1,god,5.884,9.996,10.476,4,"center,walk,path",5.771,10.661,11.515,5,"place,center,peace,god",5.85,12.666,13.441,5,"feel,center,life,god",13.524,13.524,15.036,1,labyrinth,6.101,9.905,10.288,3,"feel,center",5.673,11.288,14.085,3,"feel,life,god",6.963,10.242,11.549,3,"path,peace",7.456,7.456,10.402,1,path,5.213,5.742,6.877,2,"path,labyrinth",5.17,9.459,10.587,5,"place,walk,path,life",19.851,19.851,21.933,1,labyrinth,9.107,11.328,13.04,2,"path,life",14.181,22.132,22.412,4,"life,labyrinth,god",6.098,6.514,7.298,2,"place,path",6.611,8.522,9.611,2,"place,feel",5.113,13.338,14.597,8,"place,feel,path,life,labyrinth",9.861,15.146,16.089,3,"place,peace,god",20.059,22.005,22.958,3,center,5.832,12.429,13.423,4,"place,walk,path,life",7.91,8.702,9.296,2,life,6.277,7.259,8.616,2,"place,peace",10.132,12.09,13.239,2,"feel,life",9.459,13.291,14.325,3,"feel,life,god",5.693,5.693,7.235,1,life,5.868,5.868,7.301,1,walk,"general shapes, maybe things I kind of see like a tree and a cliff. What emotions does it evoke?",Yes,Moderately familiar,"Essentially a maze for people, I know of it as the place from mythology with a minotaur. "
6.631,7.96,8.732,2,"feel,god",5.806,6.359,7.22,2,"walk,path",5.212,5.907,7.327,2,"place,center",5,6.802,7.642,3,"place,feel,life",6.886,8.612,9.613,3,"center,walk",5.215,5.215,6.57,1,center,8.997,8.997,10.294,1,center,6.33,7.8,8.735,3,"feel,walk,god",5.446,6.177,7.094,2,"path,life",4.742,4.742,5.996,1,feel,5.371,7.186,8.027,3,"walk,path",5.561,7.794,9.136,4,"walk,path",6.934,7.392,8.195,2,"place,feel",5.885,8.161,9.304,4,"place,walk",5.61,6.552,7.361,3,"place,life",4.977,4.977,5.873,1,center,5.823,6.563,7.54,3,"feel,walk",7.792,13.574,15.897,2,"labyrinth,god",4.691,8.641,9.118,5,"walk,peace",6.402,9.089,9.547,4,"feel,walk,path",5.418,7.938,8.625,3,"feel,life,labyrinth",4.878,5.656,6.565,2,"center,peace",5.579,6.599,7.486,2,"place,peace",4.674,5.321,6.169,2,"walk,life",6.683,7.828,8.635,2,"place,path",4.79,7.28,7.903,4,"place,center",5.181,6.038,6.623,3,"center,labyrinth",4.301,5.101,6.042,2,"place,walk",6.567,7.361,8.225,2,"feel,center",6.215,7.626,14.292,2,"feel,path",5.086,5.086,6.012,1,feel,6,6,6.811,1,feel,5.981,7.709,8.062,3,"feel,god",7.922,13.152,13.919,6,"walk,path,peace",6.115,6.691,7.407,2,"walk,path",7.372,9.697,10.491,3,"place,feel,walk",5.534,8.88,9.689,3,"walk,path,life",5.043,8.085,8.748,3,"walk,path,peace",5.487,8.11,8.791,4,"feel,center,god",4.761,5.989,6.541,3,"feel,center,peace",What they seemed to feel and represent. Whether or not I could see semblances of other images in them. I also wondered if they were generated by an AI.,Yes,Very familiar,It means a maze
5.876,6.836,11.075,2,"life,god",5.788,10.905,11.828,5,"center,walk,god",5.759,7.497,8.865,4,"place,walk,path,god",6.143,8.292,11.801,3,"feel,path,god",6.287,8.442,10.525,3,"feel,center,life",6.149,8.646,11.49,4,"feel,center,walk,life",5.547,9.133,10.415,6,"place,feel,center",5.469,7.646,9.844,3,"center,walk,life",6.299,13.082,14.067,4,"path,peace,god",6.171,7.861,10.732,4,"center,walk,labyrinth",4.757,8.732,10.694,5,"feel,life,labyrinth",6.562,10.125,11.751,4,"path,peace,labyrinth",5.676,6.612,7.852,2,"labyrinth,god",6.201,7.99,10.317,3,"place,feel,peace",6.483,9.243,11.297,3,"feel,walk,path",6.153,8.329,14.736,3,"place,path,god",5.557,6.707,9.271,2,"life,peace",5.651,10.115,11.929,4,"place,peace,labyrinth",7.053,9.193,11.198,3,"walk,path,god",6.051,8.241,10.127,3,"feel,peace,god",6.859,9.355,11.376,3,"feel,walk,path",6.234,7.162,9.301,2,"place,labyrinth",5.55,6.248,7.62,2,"place,peace",4.356,6.895,7.907,3,"place,life,labyrinth",5.19,6.698,8.877,3,"walk,peace,god",5.177,7.318,8.478,3,"center,path,peace",6.465,9.703,14.227,4,"place,feel,life,god",5.072,8.922,10.977,4,"peace,labyrinth,god",5.666,10.421,11.831,5,"center,god",5.984,7.548,10.169,3,"center,peace",5.524,8.394,12.358,4,"feel,center,walk",5.804,9.342,11.623,4,"place,walk,life",5.854,9.704,12.514,4,"place,walk,life,peace",5.685,7.839,9.247,3,"walk,labyrinth,god",4.59,9.529,11.013,4,"place,center,walk",5.168,6.198,8.619,2,"walk,peace",5.582,10.977,12.103,5,"feel,path,life,peace",5.281,7.121,8.318,3,"place,feel,peace",5.38,7.206,10.226,3,"feel,walk,labyrinth",5.999,8.878,11.858,3,"walk,path,labyrinth",easy,Yes,Moderately familiar,different way
6.177,11.593,12.855,3,"place,center,path",5.811,10.33,12.487,3,"center,walk,path",7.924,9.405,10.651,2,"place,center",11.662,12.535,13.651,2,"life,god",5.618,10.306,11.817,3,"center,walk,path",6.461,10.076,17.05,2,"place,center",5.966,8.541,10.317,3,"center,walk,path",14.931,16.491,18.785,2,"peace,god",10.921,14.865,16.129,3,"place,feel,peace",13.557,13.557,18.869,1,feel,5.964,10.373,12.001,3,"center,walk,path",6.858,10.162,12.525,3,"place,center,god",10.835,12.964,15.063,2,"peace,god",12.377,15.081,16.577,3,"walk,path,labyrinth",10.807,12.359,14.014,2,"path,labyrinth",6.746,9.099,10.706,2,"place,center",5.223,9.639,11.279,3,"place,center,walk",7.604,12.78,14.388,2,"walk,labyrinth",21.743,27.031,28.525,3,"walk,path",8.298,11.074,12.785,2,"walk,path",18.306,18.306,21.035,1,place,12.044,20.348,22.118,2,"place,center",7.066,7.066,9.1,1,labyrinth,9.098,12.219,15.091,2,"feel,labyrinth",13.25,13.25,16.758,1,life,5.825,9.265,10.731,2,"place,labyrinth",5.782,7.054,8.988,2,"place,center",6.585,11.913,13.882,2,"walk,labyrinth",8.767,11.287,13.275,3,"center,walk,path",5.996,7.22,11.276,2,"place,center",9.704,11.351,13.875,2,"place,life",13.925,15.117,17.124,2,"walk,labyrinth",6.246,9.494,10.874,3,"feel,life,peace",5.974,8.167,11.855,2,"place,center",5.962,8.962,10.21,2,"feel,labyrinth",6.826,11.01,12.63,3,"place,feel,peace",6.046,6.046,8.647,1,life,10.709,12.148,14.126,2,"walk,path",5.281,8.989,11.137,2,"center,path",5.39,11.326,13.206,2,"place,labyrinth",I was trying to make something of the images.,Yes,Very familiar,Kind of like a maze.  A plethora of paths. 
7.393,7.393,8.313,1,path,5.449,5.449,6.367,1,feel,6.853,6.853,7.836,1,center,5.654,5.654,6.599,1,place,5.586,5.586,6.88,1,life,7.079,7.079,8.077,1,center,21.024,21.024,22.544,1,path,5.745,5.745,6.776,1,life,7.499,7.499,8.564,1,path,7.593,7.593,8.401,1,peace,8.35,8.35,9.794,1,god,6.752,6.752,8.354,1,place,8.01,8.01,9.078,1,peace,7.207,7.207,8.272,1,center,5.295,5.295,6.741,1,feel,5.104,5.104,6.151,1,center,6.695,6.695,8.022,1,center,6.47,6.47,7.71,1,labyrinth,5.899,5.899,6.927,1,peace,6.12,6.12,7.023,1,path,6.766,6.766,7.753,1,labyrinth,7.744,7.744,8.844,1,feel,5.782,5.782,7.272,1,feel,5.77,5.77,6.692,1,life,5.797,5.797,6.782,1,peace,6.155,6.155,7.327,1,life,16.775,17.959,18.574,2,labyrinth,7.797,7.797,8.845,1,god,6.263,6.263,7.301,1,place,9.526,9.526,10.479,1,feel,6.257,6.257,7.484,1,life,6.268,6.268,7.186,1,feel,5.873,5.873,6.766,1,place,7.053,7.053,8.095,1,god,5.253,5.253,6.263,1,labyrinth,8.431,8.431,9.393,1,life,5.452,5.452,6.615,1,place,5.682,5.682,6.73,1,life,9.771,9.771,11.365,1,life,5.577,5.577,6.844,1,labyrinth,Trying to determine what I was looking at. ,Yes,Very familiar,A maze. A location that requires effort to maneuver your way through. David Bowie. 
0.886,5.942,7.561,5,path,1.396,6.762,8.675,3,center,7.999,7.999,9.702,1,place,5.906,9.031,10.882,3,center,1.897,6,7.8,2,place,4.875,6.224,7.945,2,path,1.758,6.452,8.372,3,peace,1.218,5.967,7.799,7,feel,1.414,6.538,8.291,4,path,6.372,6.372,8.116,1,walk,3.299,8.19,11.144,3,feel,10.066,10.066,11.913,1,god,6.209,6.209,7.907,1,god,6.969,6.969,8.589,1,path,1.006,5.928,7.594,4,life,7.292,7.292,8.98,1,peace,8.294,8.294,9.839,1,labyrinth,1.2,6.243,8.815,6,place,1.106,5.996,7.708,4,god,2.044,5.926,7.556,2,life,7.161,7.161,9.049,1,god,2.452,7.343,8.84,5,feel,6.515,6.515,7.987,1,walk,1.44,6.591,8.423,4,labyrinth,6.13,6.13,7.991,1,peace,2.121,6.028,7.293,2,path,5.898,5.898,7.247,1,walk,1.834,11.188,13.276,4,center,1.143,8.914,10.831,5,labyrinth,3.377,6.458,8.452,2,path,4.365,12.355,15.155,3,place,1.354,5.494,7.161,3,god,0.991,8.488,10.113,9,peace,1.5,7.701,9.731,3,life,3.04,9.514,10.115,4,walk,7.735,7.735,9.57,1,labyrinth,1.645,6.389,8.157,5,labyrinth,4.627,7.883,9.271,3,center,1.116,6.065,7.732,5,feel,1.484,5.849,8.035,3,place,no idea,No,Very familiar,nothing
15.168,15.168,18.41,1,path,22.625,34.255,38.746,3,feel,6.155,6.155,8.916,1,center,6.548,11.308,12.896,4,"life,peace",17.562,17.562,20.921,1,path,7.845,7.845,10.229,1,center,9.653,13.082,15.363,2,path,6.04,6.04,8.093,1,path,13.541,19.292,21.013,3,god,28.771,28.771,30.509,1,labyrinth,6.04,6.04,6.905,1,peace,15.254,25.261,30.846,2,"life,peace",11.168,11.168,13.032,1,place,6.132,6.132,9.644,1,labyrinth,5.633,5.633,14.34,1,path,5.551,5.551,10.987,1,center,11.134,11.134,24.547,1,center,13.845,13.845,17.935,1,life,13.283,13.283,19.231,1,feel,14.233,31.649,33.653,3,path,8.622,8.622,11.525,1,place,9.039,9.039,13.801,1,labyrinth,9.233,10.304,11.774,2,feel,9.491,14.996,17.277,3,feel,8.167,20.626,24.639,7,peace,10.365,10.365,11.639,1,feel,9.017,9.017,11.961,1,life,8.015,8.015,9.54,1,life,14.638,22.414,23.846,3,place,13.387,19.055,22.526,3,place,6.541,17.309,18.419,4,"life,labyrinth",6.725,13.816,16.627,2,"feel,labyrinth",12.821,18.298,19.454,3,labyrinth,7.799,8.587,10.688,2,"center,peace",19.323,23.18,25.076,3,life,8.279,8.279,13.714,1,place,8.181,8.181,18.659,1,place,7.898,20.31,22.914,4,"path,labyrinth",12.272,12.272,13.702,1,place,6.308,14.542,16.146,3,life,"I was thinking about what they looked like and what they could represent. Some I could ""see"" pictures in, and others made me feel a certain way.",Yes,Moderately familiar,A maze. Lots of twists and turns.
6.025,6.025,8.91,1,place,5.731,5.731,7.064,1,center,5.944,5.944,7.346,1,place,5.458,5.458,6.547,1,god,5.292,5.292,7.106,1,labyrinth,6.159,6.159,7.766,1,path,5.683,5.683,7.183,1,path,5.135,5.135,6.532,1,walk,5.415,9.131,10.777,2,place,5.415,5.415,6.695,1,walk,8.093,9.207,12.193,2,labyrinth,6.033,6.033,7.269,1,place,5.234,18.11,19.592,5,god,6.283,6.283,7.753,1,god,5.3,5.3,6.485,1,path,5.66,5.66,7.115,1,path,5.704,5.704,7.464,1,path,5.586,5.586,6.891,1,walk,5.373,5.373,7.478,1,walk,6.258,6.258,7.497,1,life,5.676,5.676,7.006,1,path,5.145,5.145,6.143,1,labyrinth,6.107,6.107,7.358,1,walk,5.71,5.71,7.398,1,life,82.395,83.716,85.202,3,path,8.17,8.17,9.54,1,labyrinth,5.026,5.026,6.279,1,place,5.689,5.689,7.439,1,labyrinth,5.877,5.877,7.502,1,life,5.821,5.821,8.014,1,labyrinth,5.606,5.606,7.062,1,peace,6.963,6.963,8.614,1,god,5.074,5.074,7.207,1,place,2.938,7.188,8.528,3,feel,5.336,5.336,7.002,1,center,5.377,5.377,6.426,1,center,7.456,7.456,9.144,1,place,5.12,7.55,8.932,2,center,4.226,4.226,6.384,1,center,4.246,6.152,7.561,3,path,good,Yes,Moderately familiar,good image
11.183,11.183,13.06,1,place,9.009,9.009,10.156,1,life,7.185,9.466,11.099,2,god,7.005,7.005,8.983,1,life,7.64,7.64,9.163,1,labyrinth,6.86,6.86,8.189,1,life,5.725,5.725,7.167,1,center,9.898,9.898,11.322,1,feel,106.868,106.868,108.316,1,place,5.412,7.072,9.026,2,"center,labyrinth",6.371,6.371,7.652,1,path,7.344,7.344,9.616,1,center,46.941,46.941,48.34,1,labyrinth,8.014,8.014,9.224,1,labyrinth,8.108,8.108,9.475,1,path,41.212,41.212,177.331,1,center,17.366,17.366,18.448,1,center,33.696,33.696,34.627,1,labyrinth,6.666,6.666,8.17,1,life,17.334,17.334,21.038,1,feel,4.254,4.254,6.004,1,center,6.871,6.871,8.621,1,god,15.817,15.817,61.253,1,place,6.649,6.649,8.781,1,feel,6.825,6.825,8.601,1,labyrinth,5.419,5.419,6.75,1,feel,6.754,6.754,8.19,1,labyrinth,7.991,7.991,9.681,1,place,15.011,15.011,16.642,1,place,34.487,34.487,35.856,1,life,11.671,12.704,14.277,2,"feel,walk",7.837,7.837,8.97,1,place,5.891,5.891,7.095,1,walk,4.741,4.741,6.647,1,peace,5.732,5.732,7.966,1,walk,9.388,9.388,10.686,1,feel,15.419,15.419,16.969,1,path,8.115,8.115,9.71,1,peace,43.663,43.663,45.149,1,god,5.205,5.205,6.667,1,labyrinth,TRYING TO MAKE SENSE OUT OF IT,Yes,Very familiar,A DARK PASSAGE
4.812,4.812,5.592,1,labyrinth,5.851,5.851,6.999,1,place,5.92,5.92,6.774,1,walk,5.402,5.402,6.337,1,place,5.662,5.662,6.731,1,path,5.519,5.519,6.53,1,feel,8.739,8.739,10.343,1,life,5.909,5.909,6.837,1,path,10.93,10.93,12.096,1,labyrinth,8.027,8.692,8.975,2,path,4.984,4.984,5.775,1,feel,4.791,4.791,5.756,1,peace,5.386,5.386,6.138,1,path,5.328,5.328,6.245,1,walk,5.352,5.352,6.291,1,feel,5.616,5.616,6.817,1,life,4.561,4.561,5.628,1,labyrinth,5.692,5.692,6.675,1,feel,4.867,4.867,6.032,1,peace,5.046,5.046,6.051,1,path,6.452,6.452,7.4,1,peace,5.605,5.605,6.492,1,path,2.598,2.598,3.611,1,peace,7.296,7.296,8.217,1,labyrinth,7.241,7.241,8.194,1,life,2.863,2.863,3.919,1,center,1.683,1.683,2.626,1,life,4.098,4.098,5.116,1,feel,2.447,2.447,3.515,1,peace,3.214,3.214,4.059,1,peace,5.742,5.742,6.53,1,place,1.101,1.101,2.459,1,peace,5.091,5.091,5.874,1,feel,2.487,2.487,3.631,1,peace,1.333,1.333,2.295,1,god,2.814,2.814,4.626,1,labyrinth,2.288,2.288,3.278,1,center,2.467,2.467,3.456,1,place,2.411,2.411,3.948,1,god,3.214,3.214,4.093,1,life,the image it depicts ,Yes,Moderately familiar,A movie
5.042,5.042,5.812,1,path,5.249,5.249,6.155,1,life,6.547,6.547,7.407,1,walk,5.456,5.456,6.394,1,center,6.012,6.012,6.853,1,god,8.037,8.037,9.83,1,path,5.313,5.313,6.041,1,god,6.564,6.564,7.614,1,god,7.801,7.801,9.213,1,place,5.567,5.567,6.562,1,life,4.999,4.999,6.047,1,place,10.036,10.036,10.877,1,center,6.976,6.976,8.363,1,peace,13.667,13.667,15.478,1,life,5.698,5.698,6.445,1,labyrinth,6.581,6.581,10.007,1,path,5.528,5.528,6.299,1,path,5.064,5.064,5.982,1,life,5.443,5.443,6.239,1,god,5.963,5.963,7.49,1,walk,5.293,5.293,6.046,1,peace,6.766,6.766,8.553,1,god,6.216,6.216,7.335,1,peace,5.268,5.268,6.14,1,life,5.461,5.461,6.253,1,labyrinth,6.331,6.331,7.144,1,center,9.989,9.989,10.787,1,god,11.704,11.704,12.532,1,life,8.842,12.45,13.318,3,peace,27.112,27.112,28.002,1,center,6.531,6.531,7.299,1,place,6.235,6.235,7.226,1,peace,5.305,5.305,6.185,1,labyrinth,8.251,8.251,9.448,1,place,5.593,7.033,7.42,2,place,7.14,7.14,11.503,1,god,7.785,7.785,8.858,1,place,5.785,5.785,6.498,1,place,6.084,6.084,8,1,center,10.225,10.225,11.934,1,path,just observing,No,Moderately familiar,puzzle
24.285,24.285,30.461,1,feel,15.782,22.731,24.227,3,peace,14.781,14.781,17.736,1,life,15.141,15.141,17.152,1,peace,16.183,16.183,20.131,1,place,13.845,13.845,15.614,1,god,16.056,16.056,17.696,1,walk,15.81,15.81,18.008,1,feel,17.574,17.574,19.463,1,peace,18.347,18.347,20.265,1,walk,14.153,14.153,15.932,1,labyrinth,7.827,7.827,12.74,1,walk,12.024,12.024,13.643,1,life,38.007,38.007,50.788,1,path,11.114,11.114,12.2,1,path,25.544,25.544,27.244,1,life,28.517,28.517,31.813,1,place,15.555,15.555,16.713,1,life,9.548,17.236,18.828,2,"path,god",17.95,17.95,19.3,1,feel,14.877,14.877,16.971,1,labyrinth,16.835,16.835,18.768,1,peace,20.146,20.146,22.078,1,labyrinth,17.082,17.082,19.204,1,labyrinth,21.549,29.283,31.088,3,path,18.813,18.813,20.738,1,peace,23.387,23.387,27.038,1,walk,27.877,27.877,34.929,1,center,15.857,15.857,17.963,1,life,19.838,19.838,21.262,1,place,17.952,17.952,20.257,1,walk,57.433,57.433,59.16,1,peace,18.505,21.587,23.744,3,labyrinth,18.451,18.451,21.363,1,peace,21.105,21.105,22.684,1,place,12.781,12.781,14.244,1,place,15.633,15.633,18.824,1,peace,15.012,15.012,17.549,1,feel,11.781,11.781,13.6,1,god,14.128,14.128,16.586,1,god,images are beauty,No,Moderately familiar,no
9.406,11.373,12.505,3,"place,feel,peace",5.197,8.397,9.698,4,"place,feel,life,god",18.936,23.389,24.353,6,"feel,walk,life,peace,labyrinth",22.087,25.755,26.868,3,"walk,life,peace",13.592,16.14,16.97,4,"feel,center,walk,life",10.574,12.974,14.159,4,"center,walk,god",49.248,53.128,54.035,5,"center,path,life,labyrinth",14.272,18.815,19.696,5,"place,walk,path,life",42.968,44.456,45.922,3,"place,feel,labyrinth",8.908,11.009,12.089,3,"peace,god",5.052,7.365,8.419,4,"center,path,peace",7.959,9.584,10.568,3,"place,life,god",20.966,23.179,24.459,3,"feel,walk,life",10.387,15.266,16.435,4,"place,feel,center,life",25.037,26.411,27.494,3,"path,peace,labyrinth",28.994,32.308,33.212,4,"walk,path,labyrinth,god",9.082,11.991,13.219,5,"place,life,labyrinth",14.277,20.14,20.864,5,"walk,path,life",5.195,7.147,8.01,3,"peace,labyrinth",24.697,28.352,29.189,6,"center,walk,life,peace,god",4.359,6.134,7.196,3,"feel,life,god",73.199,76.329,142.599,2,"feel,labyrinth",28.309,40.809,42.01,3,"place,feel,life",73.792,76.836,77.747,4,"center,walk,path,peace",4.587,6.483,7.504,3,"center,life,god",5.47,6.957,8,3,"center,walk,path",40.779,45.466,46.062,4,"place,feel,path",6.391,8.352,9.413,4,"place,center,path,god",99.327,100.425,101.646,3,"feel,life,peace",16.661,21.658,22.692,5,"feel,walk,path,life",11.49,13.25,14.354,3,"feel,path",72.85,74.578,75.722,3,"center,walk,labyrinth",18.809,21.017,21.981,4,"place,feel,walk,god",4.83,6.953,8.014,3,"feel,center,god",8.782,10.43,11.037,3,"feel,walk",30.113,30.976,32.16,2,"path,life",5.819,7.931,9.927,3,"walk,path,life",22.662,26.204,27.322,4,"feel,path,life",9.692,12.328,13.3,4,"place,walk,life,god",54.364,55.699,56.602,3,"center,path,life","I was thinking how the images related to feel, path, center and other words",No,Moderately familiar,Its looks like relationship between two people or feeling
6.373,7.363,8.511,2,"feel,center",7.815,9.145,10.181,2,"feel,center",9.371,9.371,11.117,1,feel,7.411,9.395,11.347,3,"center,life",5.888,7.384,8.601,2,"center,life",6.788,13.508,14.392,7,"feel,center,walk,life,peace,god",7.67,10.334,11.29,2,"center,peace",12.348,14.962,18.101,2,"center,god",5.69,7.878,9.626,2,"life,god",7.181,8.379,9.782,2,"life,god",8.006,8.006,9.868,1,center,6.99,12.249,13.627,3,"place,walk,life",7.688,7.688,11.242,1,place,6.215,6.215,7.739,1,life,15.93,20.821,22.664,2,"feel,walk",9.476,9.476,10.925,1,path,6.402,8.217,10.069,2,"walk,path",6.509,7.596,9.352,2,"place,life",10.973,10.973,12.361,1,god,13.169,15.91,17.192,3,"place,life,peace",5.876,8.718,9.772,3,"feel,life",5.876,8.369,9.566,2,"walk,path",5.68,5.68,7.04,1,feel,6.757,6.757,14.814,1,feel,10.168,11.355,12.321,2,"place,walk",9.411,9.411,10.55,1,feel,6.813,8.383,9.582,3,"walk,path,peace",5.401,7.218,8.839,2,"life,god",6.999,10.122,11.571,3,"walk,life",9.895,10.899,12.162,2,"feel,life",6.304,6.304,9.402,1,center,8.039,8.039,10.112,1,life,5.302,7.219,8.702,2,"life,god",6.101,6.101,8.11,1,life,18.921,20.08,21.062,2,"feel,life",7.307,7.307,9.77,1,path,5.958,5.958,8.501,1,place,8.422,9.61,11.166,2,"feel,life",6.31,8.752,9.866,2,"path,life",7.501,7.501,8.673,1,labyrinth,I was focused on the pictures and what I felt / perceived. ,Yes,Moderately familiar,"It means some kind of puzzle that must be figured out, sort of like walking not in a straight line but in a round about way to reach an important destination. "
6.342,7.054,8.285,2,"path,life",7.776,9.528,11.997,2,"place,path",6.466,6.979,7.96,2,"path,life",6.365,11.733,13.347,4,"place,walk,path",5.859,8.84,10.063,2,"place,path",6.033,18.193,18.798,7,"place,walk,path,life",5.504,10.346,11.986,4,"place,path",7.497,10.953,13.926,2,"place,path",5.52,7.232,9.384,3,"center,path",5.478,10.22,11.653,4,"place,life",8.175,8.175,9.252,1,center,5.533,9.388,10.834,3,"center,path,life",6.068,8.449,9.316,3,"place,walk,path",6.222,8.582,9.076,3,"walk,life",5.675,6.555,7.285,2,"center,path",5.749,9.188,10.784,4,"place,center",6.672,8.24,9.34,2,"walk,path",5.114,8.146,10.286,3,"place,path",6.523,10.699,11.971,4,"place,walk,life",6.326,6.326,8.276,1,place,5.065,6.777,8.368,3,"place,walk",5.621,7.661,9.19,2,"center,path",4.821,9.149,10.519,6,"place,walk,life,peace",6.889,8.013,10.363,2,"place,life",6.189,7.965,10.283,2,"feel,life",5.109,8.094,9.126,2,"place,life",5.222,7.822,8.5,4,"center,path,life",5.575,6.478,7.401,2,"place,walk",5.506,9.761,11.734,3,"place,peace",4.973,4.973,6.275,1,life,6.73,7.666,10.728,2,"place,path",8.943,10.727,11.916,2,"place,walk",5.124,8.02,9.109,3,"place,walk,path",7.299,11.218,15.931,3,"place,walk,path",5.607,6.327,7.18,2,"walk,path",5.126,5.772,6.613,2,"path,life",5.1,8.1,9.313,3,"walk,path,life",9.592,11.568,18.395,2,"place,path",7.143,11.55,12.748,2,"place,path",6.914,9.814,12.599,3,"place,path,life",I tried to imagine what is related with my life,Yes,Moderately familiar,a complex structure and looks like a maze
6.497,6.497,7.217,1,center,9.437,9.437,10.205,1,feel,5.808,5.808,6.568,1,place,10.875,10.875,11.571,1,life,7.321,7.321,8.402,1,feel,7.777,7.777,8.529,1,center,5.365,5.365,6.703,1,peace,7.994,7.994,8.835,1,place,6.689,6.689,7.362,1,center,7.009,7.009,7.713,1,feel,5.49,5.49,6.282,1,place,7.068,7.068,7.948,1,walk,8.724,8.724,9.333,1,place,8.763,8.763,9.635,1,life,7.859,7.859,8.603,1,life,5.845,5.845,6.941,1,feel,6.839,6.839,7.6,1,life,6.588,7.244,7.733,2,labyrinth,8.168,8.168,9.154,1,path,5.724,5.724,6.548,1,life,5.656,5.656,6.32,1,feel,6.053,6.053,7.046,1,walk,6.479,6.479,7.336,1,labyrinth,5.885,5.885,6.854,1,feel,6.179,6.179,7.139,1,life,7.615,7.615,8.783,1,place,5.914,5.914,6.642,1,feel,6.839,8.95,9.768,2,"walk,labyrinth",7.512,7.512,8.274,1,walk,13.031,13.031,13.783,1,path,9.58,9.58,10.716,1,life,7.378,7.378,8.289,1,life,13.855,13.855,14.704,1,walk,7.742,7.742,8.646,1,life,5.658,5.658,6.651,1,life,5.208,5.208,6.144,1,place,5.512,6.128,7.081,2,"walk,labyrinth",8.311,8.311,9.159,1,path,5.83,5.83,6.847,1,labyrinth,5.399,5.399,6.399,1,labyrinth,Where I might see something like those images.,Yes,Very familiar,It means a maze or a puzzle that requires you to walk through.
5.934,5.934,7.639,1,labyrinth,5.849,10.553,11.171,2,"place,walk",6.075,6.075,7.485,1,place,8.715,8.715,11.512,1,life,8.784,11.588,12.287,2,"walk,path",5.112,13.206,14.069,8,"place,center,life,god",4.647,5.015,6.105,2,"place,path",5.301,7.337,7.927,2,place,6.53,7.17,8.083,2,"path,life",5.194,6.59,8.433,3,"feel,life",5.685,8.537,9.673,4,"place,path,life",5.362,5.362,6.394,1,life,8.877,11.193,11.78,3,"feel,peace",6.796,6.796,8.042,1,labyrinth,11.021,12.529,13.597,2,"walk,path",5.542,6.038,6.978,2,"center,god",8.509,9.054,10.432,2,"place,path",6.923,6.923,10.929,1,labyrinth,10.851,10.851,11.635,1,labyrinth,6.761,8.33,8.901,3,"place,path,life",10.544,10.544,13.26,1,place,42.67,42.67,44.173,1,life,6.763,6.763,7.881,1,labyrinth,4.981,8.152,9.412,4,labyrinth,16.45,17.566,18.634,2,"place,path",6.427,6.427,8.571,1,labyrinth,4.567,5.175,5.909,2,life,5.413,7.609,8.744,2,"place,center",5.046,9.162,10.248,5,"path,life",4.773,6.069,6.868,2,"place,life",5.93,7.41,8.503,2,"place,center",5.527,5.527,6.101,1,labyrinth,8.112,8.112,8.703,1,life,5.86,5.86,6.765,1,place,5.34,7.868,8.67,4,place,21.6,21.6,22.352,1,labyrinth,6.86,6.86,8.699,1,place,6.044,7.805,8.762,2,"place,life",6.155,6.875,7.796,2,place,31.871,31.871,33.137,1,place,That they looked very similar to one another. ,Yes,Very familiar,I think of a maze or place that is difficult to follow or understand. 
11.415,11.415,12.352,1,walk,11.409,11.409,12.507,1,life,6.897,6.897,8.039,1,place,170.376,170.376,171.704,1,walk,7.778,7.778,9.327,1,path,8.126,8.126,9.548,1,place,14.253,14.253,15.237,1,god,14.2,14.2,15.464,1,peace,6.825,6.825,8.144,1,feel,5.222,5.222,6.425,1,peace,14.731,14.731,16.006,1,labyrinth,6.439,6.439,9.343,1,feel,6.325,6.325,17.171,1,center,40.269,40.269,41.194,1,life,11.927,11.927,12.945,1,feel,12.554,12.554,14.17,1,feel,350.124,350.124,351.283,1,peace,8.153,8.153,9.242,1,peace,13.227,14.167,52.86,2,labyrinth,5.63,5.63,7.311,1,place,10.203,10.203,79.093,1,feel,4.77,4.77,6.423,1,life,20.325,20.325,21.653,1,walk,4.843,4.843,6.245,1,path,21.526,21.526,22.991,1,life,8.396,8.396,11.626,1,god,9.1,9.1,10.202,1,feel,6.252,8.44,9.712,3,path,78.823,78.823,79.876,1,walk,4.173,4.173,4.93,1,labyrinth,28.835,28.835,30.046,1,life,12.403,12.403,13.158,1,god,14.699,14.699,16.399,1,path,5.056,6.215,9.561,2,place,5.39,5.39,6.61,1,feel,8.268,8.268,9.453,1,feel,34.537,34.537,35.826,1,walk,35.147,35.147,36.4,1,peace,538.28,538.28,539.244,1,life,5.078,5.078,6.18,1,walk,the possible meanings,No,Not familiar,column
6.761,6.761,8.036,1,path,6.223,7.631,9.527,2,"place,center",11.259,11.259,12.72,1,labyrinth,16.408,20.96,22.288,3,walk,21.175,21.175,22.203,1,walk,10.083,10.083,17.729,1,labyrinth,13.81,13.81,15.974,1,center,7.983,7.983,9.373,1,labyrinth,10.316,19.771,21.574,2,"path,peace",17.099,26.132,29.463,2,"place,center",15.375,17.011,19.092,2,"place,path",15.357,15.357,17,1,path,14.976,19.161,20.522,3,life,19.298,19.298,20.597,1,place,7.607,7.607,9.425,1,walk,8.921,13.041,14.491,2,"place,life",6.206,6.206,9.691,1,place,11.962,11.962,13.491,1,center,17.827,17.827,19.326,1,center,19.57,19.57,24.13,1,place,7.877,7.877,10.576,1,labyrinth,16.33,20.267,22.964,2,"path,life",10.946,10.946,13.77,1,center,11.457,15.261,16.764,2,"place,peace",17.168,17.168,19.225,1,path,11.826,11.826,13.382,1,center,9.118,9.118,15.046,1,place,17.105,17.105,19.504,1,peace,8.909,13.424,15.328,2,"walk,path",7.606,7.606,8.802,1,center,13.913,13.913,15.785,1,center,25.812,25.812,27.481,1,life,14.328,14.328,15.793,1,labyrinth,11.354,14.741,16.238,2,"place,peace",7.201,7.201,8.486,1,life,7.822,7.822,8.888,1,labyrinth,8.534,8.534,10.145,1,place,19.8,19.8,21.034,1,center,9.844,9.844,11.125,1,center,22.047,22.047,23.701,1,place,If I could make anything out of the images and what the image made me feel.,Yes,Moderately familiar, It makes me thing of a very articulate path
8.996,12.573,14.389,3,"place,walk,path",5.846,5.846,8.724,1,path,6.908,11.128,13.231,4,"place,walk,path,life",12.526,16.024,18.791,3,"walk,path,peace",7.536,7.536,9.37,1,place,10.911,10.911,12.158,1,life,12.417,13.272,14.952,2,"center,path",6.335,10.008,11.863,3,"path,life,peace",5.937,8.193,9.694,2,"walk,path",5.764,5.764,7.209,1,life,5.399,5.399,7.156,1,life,8.114,9.33,11.43,2,"walk,path",7.548,7.548,8.93,1,center,6.496,6.496,8.64,1,life,15.778,15.778,17.615,1,path,9.201,9.201,11.481,1,life,5.181,8.636,9.822,3,"place,walk,path",8.421,8.421,10.554,1,life,5.746,8.749,9.99,3,"walk,path,life",5.976,5.976,8.242,1,center,7.006,8.026,9.813,2,"life,peace",7.504,7.504,9.281,1,path,5.924,5.924,8.514,1,labyrinth,10.117,10.117,11.893,1,feel,6.448,6.448,8.197,1,life,9.949,10.995,12.485,2,"life,peace",11.754,12.694,14.689,2,"place,life",7.636,7.636,9.458,1,life,8.505,9.81,11.69,2,"place,peace",7.183,8.295,10.236,2,"place,center",8.65,8.65,10.263,1,life,6.349,9.238,10.758,3,"walk,path,life",6.499,8.124,10.146,2,"path,life",7.026,9.817,11.94,2,"life,peace",8.37,8.37,10.442,1,life,6.461,8.336,9.82,2,"life,peace",10.687,14.083,14.722,2,life,6.653,7.587,9.82,2,"life,peace",6.377,6.377,7.775,1,life,7.311,8.384,10.173,2,"life,labyrinth",What the images might have been sourced from.,Yes,Moderately familiar,A maze with some sort of end goal and obstacles along the way.
6.787,6.787,7.93,1,path,7.663,10.121,11.031,2,"center,path",6.825,6.825,8.132,1,path,5.689,5.689,6.943,1,center,9.382,10.488,11.636,2,"walk,path",6.853,7.782,8.697,2,"place,center",7.841,7.841,9.92,1,center,5.566,5.566,6.508,1,walk,10.321,10.321,11.36,1,life,8.971,11.53,12.835,2,"center,life",7.947,7.947,9.175,1,center,5.658,5.658,6.862,1,life,11.41,13.579,14.187,3,"walk,path",12.67,12.67,13.607,1,life,6.221,6.221,7.265,1,center,10.199,10.199,11.045,1,life,7.244,7.244,8.382,1,path,5.682,7.888,8.956,2,"center,walk",14.184,14.184,15.068,1,walk,5.586,5.586,6.645,1,walk,6.378,6.378,7.473,1,life,9.511,9.511,10.911,1,center,8.017,8.017,8.99,1,place,5.313,5.313,6.382,1,life,10.01,10.01,16.576,1,path,10.195,10.195,11.363,1,walk,6.934,6.934,7.84,1,path,6.799,8.491,9.556,2,"center,walk",8.764,10.213,11.3,2,"walk,path",11.865,11.865,12.917,1,path,6.037,6.037,7.024,1,life,7.86,9.184,10.159,2,"center,path",17.694,20.363,21.582,4,"walk,path",13.374,13.374,14.475,1,path,8.294,8.294,9.4,1,walk,17.494,17.494,18.631,1,place,5.343,5.343,6.483,1,path,37.45,37.45,39.386,1,path,7.1,7.1,8.194,1,place,6.093,7.297,8.412,2,"path,life",I was trying to make sense of them and see if I could see any shapes that made sense to me.,Yes,Very familiar,A long winding path that is difficult to navigate.