1_timing_First Click,1_timing_Last Click,1_timing_Page Submit,1_timing_Click Count,1_testNatImage,2_timing_First Click,2_timing_Last Click,2_timing_Page Submit,2_timing_Click Count,2_testNatImage,3_timing_First Click,3_timing_Last Click,3_timing_Page Submit,3_timing_Click Count,3_testNatImage,4_timing_First Click,4_timing_Last Click,4_timing_Page Submit,4_timing_Click Count,4_testNatImage,5_timing_First Click,5_timing_Last Click,5_timing_Page Submit,5_timing_Click Count,5_testNatImage,6_timing_First Click,6_timing_Last Click,6_timing_Page Submit,6_timing_Click Count,6_testNatImage,7_timing_First Click,7_timing_Last Click,7_timing_Page Submit,7_timing_Click Count,7_testNatImage,8_timing_First Click,8_timing_Last Click,8_timing_Page Submit,8_timing_Click Count,8_testNatImage,9_timing_First Click,9_timing_Last Click,9_timing_Page Submit,9_timing_Click Count,9_testNatImage,10_timing_First Click,10_timing_Last Click,10_timing_Page Submit,10_timing_Click Count,10_testNatImage,11_timing_First Click,11_timing_Last Click,11_timing_Page Submit,11_timing_Click Count,11_testNatImage,12_timing_First Click,12_timing_Last Click,12_timing_Page Submit,12_timing_Click Count,12_testNatImage,13_timing_First Click,13_timing_Last Click,13_timing_Page Submit,13_timing_Click Count,13_testNatImage,14_timing_First Click,14_timing_Last Click,14_timing_Page Submit,14_timing_Click Count,14_testNatImage,15_timing_First Click,15_timing_Last Click,15_timing_Page Submit,15_timing_Click Count,15_testNatImage,16_timing_First Click,16_timing_Last Click,16_timing_Page Submit,16_timing_Click Count,16_testNatImage,17_timing_First Click,17_timing_Last Click,17_timing_Page Submit,17_timing_Click Count,17_testNatImage,18_timing_First Click,18_timing_Last Click,18_timing_Page Submit,18_timing_Click Count,18_testNatImage,19_timing_First Click,19_timing_Last Click,19_timing_Page Submit,19_timing_Click Count,19_testNatImage,20_timing_First Click,20_timing_Last Click,20_timing_Page Submit,20_timing_Click Count,20_testNatImage,21_timing_First Click,21_timing_Last Click,21_timing_Page Submit,21_timing_Click Count,21_testNatImage,22_timing_First Click,22_timing_Last Click,22_timing_Page Submit,22_timing_Click Count,22_testNatImage,23_timing_First Click,23_timing_Last Click,23_timing_Page Submit,23_timing_Click Count,23_testNatImage,24_timing_First Click,24_timing_Last Click,24_timing_Page Submit,24_timing_Click Count,24_testNatImage,25_timing_First Click,25_timing_Last Click,25_timing_Page Submit,25_timing_Click Count,25_testNatImage,26_timing_First Click,26_timing_Last Click,26_timing_Page Submit,26_timing_Click Count,26_testNatImage,27_timing_First Click,27_timing_Last Click,27_timing_Page Submit,27_timing_Click Count,27_testNatImage,28_timing_First Click,28_timing_Last Click,28_timing_Page Submit,28_timing_Click Count,28_testNatImage,29_timing_First Click,29_timing_Last Click,29_timing_Page Submit,29_timing_Click Count,29_testNatImage,30_timing_First Click,30_timing_Last Click,30_timing_Page Submit,30_timing_Click Count,30_testNatImage,31_timing_First Click,31_timing_Last Click,31_timing_Page Submit,31_timing_Click Count,31_testNatImage,32_timing_First Click,32_timing_Last Click,32_timing_Page Submit,32_timing_Click Count,32_testNatImage,33_timing_First Click,33_timing_Last Click,33_timing_Page Submit,33_timing_Click Count,33_testNatImage,34_timing_First Click,34_timing_Last Click,34_timing_Page Submit,34_timing_Click Count,34_testNatImage,35_timing_First Click,35_timing_Last Click,35_timing_Page Submit,35_timing_Click Count,35_testNatImage,36_timing_First Click,36_timing_Last Click,36_timing_Page Submit,36_timing_Click Count,36_testNatImage,37_timing_First Click,37_timing_Last Click,37_timing_Page Submit,37_timing_Click Count,37_testNatImage,38_timing_First Click,38_timing_Last Click,38_timing_Page Submit,38_timing_Click Count,38_testNatImage,39_timing_First Click,39_timing_Last Click,39_timing_Page Submit,39_timing_Click Count,39_testNatImage,40_timing_First Click,40_timing_Last Click,40_timing_Page Submit,40_timing_Click Count,40_testNatImage,thoughts,lab-know,lab-fam,lab-def
5.647,5.647,6.495,1,labyrinth,5.261,5.261,5.898,1,feel,4.744,4.744,5.723,1,peace,6.074,6.433,7.189,2,place,6.001,6.001,6.761,1,path,5.692,5.692,6.216,1,path,7.128,7.342,9.042,2,life,7.542,7.542,8.457,1,labyrinth,4.756,4.756,5.96,1,center,5.053,5.053,5.953,1,peace,5.251,5.596,6.479,2,path,4.927,4.927,5.783,1,center,6.503,7.95,8.689,3,walk,6.438,6.438,7.101,1,peace,4.99,4.99,6.081,1,life,5.485,6.709,7.641,3,path,4.903,4.903,6.098,1,walk,4.927,4.927,6.55,1,path,5.113,6.746,8.061,4,peace,6.483,6.483,7.478,1,labyrinth,6.046,6.27,7.289,2,center,5.453,5.453,6.247,1,place,5.414,5.414,6.201,1,feel,5.037,6.213,7.169,3,path,5.169,5.169,5.917,1,walk,7.072,7.072,7.916,1,place,5.468,5.468,6.826,1,center,4.777,4.777,5.604,1,center,5.417,5.417,6.197,1,life,5.573,7.614,8.528,3,path,8.767,9.335,9.66,2,god,7.082,7.082,8.102,1,walk,4.83,4.83,5.993,1,peace,6.229,7.14,7.44,2,peace,5.593,5.593,6.148,1,center,5.339,6.331,6.625,2,feel,4.98,4.98,5.848,1,feel,4.814,4.814,5.939,1,life,4.732,4.732,6.073,1,peace,4.685,4.685,5.688,1,feel,what word best described the picture to me,Yes,Moderately familiar,maze
12.177,12.177,13.474,1,path,14.814,14.814,15.317,1,labyrinth,6.229,6.229,7.877,1,path,3.437,10.519,12.382,2,life,7.833,7.833,9.228,1,path,6.804,6.804,8.498,1,center,7.958,7.958,9.207,1,life,6.759,6.759,8.446,1,feel,7.071,7.071,8.523,1,walk,5.817,5.817,6.955,1,god,6.18,6.18,6.847,1,center,8.72,8.72,10.483,1,place,8.606,8.606,9.888,1,place,7.181,7.181,8.372,1,peace,8.183,8.183,9.508,1,labyrinth,1.309,7.195,8.421,3,feel,7.111,7.111,8.611,1,feel,6.013,6.013,7.14,1,feel,6.705,6.705,7.886,1,feel,7.425,7.425,7.752,1,place,6.547,6.547,6.911,1,peace,6.142,6.142,7.873,1,peace,7.554,7.554,13.436,1,path,3.609,9.648,11.142,2,place,6.4,6.4,7.18,1,walk,10.404,10.404,12.394,1,place,8.142,8.142,9.818,1,labyrinth,5.118,5.118,7.787,1,path,2.999,5.932,7.292,2,feel,6.154,6.154,7.908,1,god,11.938,11.938,13.424,1,center,2.145,9.671,10.515,2,path,6.816,6.816,7.312,1,walk,5.716,5.716,7.157,1,god,14.52,14.52,16.147,1,peace,4.302,4.302,7.984,1,path,6.637,6.637,8.153,1,center,7.45,7.45,8.435,1,feel,8.632,8.632,10.557,1,god,6.898,6.898,7.703,1,life,nice,Yes,Very familiar,Labyrinth is a coming-of-age fantasy wherein a girl unknowingly wishes away her baby brother to the Goblin King
5.254,6.1,7.626,2,center,5.085,5.902,7.107,2,"place,walk",5.624,8.296,9.845,2,"place,walk",7.079,7.85,9.278,2,"place,peace",5.155,6.084,7.622,2,"center,path",5.278,7.457,8.769,3,"place,feel,life",5.719,7.676,9.082,2,"place,walk",5.515,10.205,11.733,3,"place,center,walk",5.821,10.257,11.617,4,"place,center,path,labyrinth",9.233,13.007,15.445,2,"path,labyrinth",5.839,5.839,7.771,1,path,5.984,8.914,10.277,4,"feel,walk",6.914,6.914,8.93,1,center,5.302,5.302,6.87,1,center,6.629,7.606,9.142,2,"feel,labyrinth",6.401,9.96,11.621,3,"place,feel,labyrinth",6.885,6.885,8.856,1,labyrinth,5.177,7.013,8.301,3,"feel,center,life",5.284,7.347,8.534,3,"feel,center,walk",5.423,6.945,8.376,3,"place,center,life",5.898,7.359,8.911,2,"walk,path",6.292,7.007,8.849,2,"peace,labyrinth",6.315,8.457,10.142,3,"place,center,peace",5.539,6.32,7.706,2,"place,walk",5.801,7.521,9.664,3,"feel,walk,life",5.801,7.598,9.251,3,"path,peace,labyrinth",7.417,9.477,11.214,3,"center,walk,peace",5.697,8.458,9.92,3,"place,life",5.253,5.253,6.81,1,walk,5.493,8.542,10.065,4,"place,peace",5.734,6.928,8.528,2,"feel,peace",5.638,10.444,12.006,4,"place,walk,life",5.529,5.529,7.872,1,peace,7.681,9.246,11.141,2,"center,path",5.757,7.268,8.736,2,"path,labyrinth",4.826,5.771,7.38,2,"center,walk",5.056,7.857,9.37,4,"feel,peace,labyrinth",6.234,6.234,7.715,1,path,5.894,8.795,10.29,2,"feel,life",5.129,6.691,8.111,2,"place,center",the images,Yes,Very familiar,"a maze-like condition, an uncertain route"
4.149,5.999,6.818,2,feel,5.713,5.713,6.637,1,life,5.421,5.421,7.078,1,peace,6.342,6.342,7.695,1,life,1.817,5.45,6.844,2,place,6.032,6.845,7.624,2,peace,5.497,5.497,6.76,1,god,5.34,7.88,8.791,3,"labyrinth,god",7.816,9.607,10.715,2,"path,life",5.524,5.524,6.726,1,peace,5.244,5.244,6.244,1,peace,4.999,4.999,5.97,1,feel,5.523,5.523,6.628,1,life,4.187,4.187,6.177,1,labyrinth,0.145,5.914,6.672,2,walk,5.858,5.858,7.056,1,peace,6.119,6.119,7.019,1,path,5.475,5.475,6.267,1,peace,6.183,6.183,7.515,1,place,5.162,5.162,6.45,1,life,5.838,5.838,6.664,1,labyrinth,5.654,6.404,7.006,2,labyrinth,8.714,8.714,10.252,1,walk,5.514,5.514,7.072,1,walk,5.607,5.607,6.788,1,place,5.728,6.422,7.808,2,"feel,god",1.165,5.896,7.145,2,peace,5.265,5.265,6.924,1,feel,5.476,5.476,6.712,1,center,2.264,5.234,6.206,2,god,5.826,5.826,6.824,1,path,5.565,5.565,6.229,1,center,3.105,9.121,10.592,2,place,2.918,8.841,9.596,3,"walk,god",5.212,5.212,6.876,1,life,2.051,7.521,9.195,5,"center,god",5.041,5.041,6.161,1,god,1.744,9.124,9.93,2,walk,6.246,6.246,7.174,1,feel,5.589,5.589,6.356,1,feel,VERY CLEAR,No,Very familiar,NICE
6.486,6.486,7.694,1,walk,5.529,6.451,8.324,2,"place,life",5.548,6.504,7.855,2,"feel,center",5.741,5.741,6.883,1,walk,11.811,12.891,14.301,2,"place,path",5.537,6.725,7.913,2,"walk,peace",5.633,6.987,8.013,2,"path,life",5.711,5.711,8.025,1,path,7.173,7.173,8.378,1,place,8.43,8.43,9.515,1,center,36.547,36.547,37.44,1,center,6.662,6.662,7.725,1,life,5.789,6.849,7.9,2,"place,feel",5.53,7.682,8.429,3,"feel,center",7.004,8.417,9.36,2,"place,god",6.13,6.13,7.991,1,path,6.074,6.074,8.075,1,walk,5.4,6.49,8.067,2,"feel,life",6.054,7.336,8.335,2,"center,peace",5.76,5.76,6.864,1,peace,5.565,6.557,7.587,2,"feel,life",8.069,8.069,9.082,1,feel,5.898,5.898,7.4,1,god,5.951,7.642,9.09,2,"feel,peace",7.415,7.415,8.84,1,place,5.354,6.097,7.667,2,"place,peace",5.379,6.368,7.633,2,"center,god",7.55,7.55,9.146,1,place,5.625,7.181,8.807,2,"center,walk",7.283,7.283,8.249,1,walk,5.7,8.717,11.798,3,"feel,life",5.847,7.27,8.784,2,"life,peace",16.996,17.818,19.319,2,"place,center",38.554,39.405,41.572,2,"center,life",5.809,5.809,7.549,1,life,5.758,7.387,11.001,2,"center,path",5.97,6.971,8.316,2,"center,life",2.969,11.816,14.272,4,place,6.153,8.845,10.153,2,"feel,god",6.44,8.01,9.626,2,"center,peace",NO,Yes,Very familiar,NO
6.641,6.641,8.45,1,walk,6.328,6.328,7.501,1,walk,5.136,5.136,6.174,1,feel,5.92,5.92,6.841,1,center,12.417,12.417,13.563,1,center,5.31,5.31,6.686,1,peace,5.4,5.4,6.683,1,center,5.274,5.274,6.513,1,path,9.32,9.32,10.624,1,life,6.304,6.304,7.107,1,center,6.1,6.1,8.082,1,feel,5.694,5.694,6.576,1,walk,6.072,6.072,7.007,1,center,5.874,5.874,7.079,1,place,6.634,6.634,7.641,1,path,5.934,5.934,6.916,1,god,7.143,7.143,8.142,1,center,5.709,5.709,6.957,1,place,6.5,6.5,7.775,1,place,10.343,10.343,11.237,1,center,5.39,5.39,6.214,1,walk,6.048,6.048,7.101,1,path,5.377,5.377,6.311,1,god,6.427,6.427,7.695,1,peace,6.895,6.895,8.301,1,feel,7.93,7.93,9.164,1,god,7.021,11.841,12.8,3,life,11.221,11.221,12.23,1,walk,9.018,9.018,10.069,1,place,5.418,5.418,6.546,1,walk,7.765,7.765,9.196,1,god,3.506,20.112,21.799,2,labyrinth,6.703,6.703,7.741,1,peace,8.257,8.257,9.157,1,place,6.684,6.684,8.042,1,life,5.801,5.801,7.211,1,place,6.558,6.558,7.925,1,walk,7.408,7.408,8.465,1,walk,5.692,5.692,8.794,1,path,6.829,6.829,8.103,1,walk,this is means some one for life.,No,Moderately familiar,run to fast
6.56,7.936,8.502,2,place,3.217,7.658,10.095,2,place,5.495,8.478,9.709,4,"place,walk",4.88,7.6,8.029,3,"place,feel",5.027,5.691,7.032,2,"walk,peace",6.945,6.945,10.656,1,center,5.232,7.615,9.807,2,"center,labyrinth",7.186,8.746,9.275,2,walk,4.685,9.679,9.995,4,"place,labyrinth",5.266,7.321,7.745,3,"place,peace",5.014,5.637,6.648,2,"place,path",4.756,7.476,9.09,3,"center,path",10.504,12.8,13.966,2,"place,peace",4.975,6.559,7.725,3,"path,labyrinth",9.404,9.404,11.211,1,path,4.598,5.942,7.225,3,"labyrinth,god",6.957,8.341,9.847,2,"center,path",7.556,9.156,9.627,2,peace,6,10.855,12.577,4,"place,walk",7.29,10.396,11.286,3,"place,path",4.5,5.445,6.562,3,"path,life",6.268,6.732,7.723,2,"center,peace",6.856,8.992,9.917,3,"walk,life",5.596,7.244,8.598,2,"feel,god",6.287,12.671,15.085,4,"peace,god",5.099,6.787,8.45,3,"path,life",5.257,6.033,7.176,2,"feel,walk",5.669,13.477,14.361,2,"path,life",7.519,14.44,17.126,4,"place,feel",5.61,6.072,7.64,2,"place,path",5.346,7.5,8.144,3,"feel,peace",5.923,5.923,7.282,1,life,6.233,7.5,9.146,2,"path,life",5.376,6.224,7.671,2,"center,path",6.646,6.646,10.184,1,god,4.793,6.68,7.799,2,"feel,god",4.828,10.61,11.923,7,"place,life,god",5.33,6.299,7.337,2,"feel,path",8.259,10.581,11.099,2,life,6.954,7.787,8.818,2,place,"buildings and jungle ,city",Yes,Very familiar,difficult way
10.272,11.954,13.122,2,"center,walk",9.662,12.247,13.084,3,place,19.807,19.807,20.901,1,labyrinth,3.242,19.707,20.901,3,place,5.705,8.741,9.191,3,"center,walk",8.512,9.32,10.452,2,"center,life",10.05,12.611,13.018,3,"place,center",9.665,10.281,12.082,2,place,5.361,6.462,7.39,2,"place,life",7.478,8.596,10.526,2,"place,feel",8.094,14.48,14.759,5,"feel,life",6.585,8.778,9.964,2,"center,labyrinth",6.612,10.34,11.532,3,"feel,center,peace",5.266,6.791,7.155,3,"walk,path",5.94,8.082,9.401,2,"walk,life",9.646,9.646,11.824,1,life,9.485,9.485,10.584,1,place,6.502,10.624,11.879,2,"center,labyrinth",11.77,11.77,13.861,1,place,6.706,10.181,10.78,3,"peace,labyrinth",12.842,13.696,14.681,2,"walk,peace",7.537,7.537,8.607,1,place,5.672,6.536,7.657,2,"walk,labyrinth",14.939,19.803,20.15,5,"walk,peace",22.166,23.799,24.426,3,"peace,labyrinth",6.538,6.538,7.447,1,center,11.717,13.65,13.931,3,"peace,labyrinth",6.478,6.871,8.079,2,god,7.34,10.301,10.883,4,"life,labyrinth",24.048,26.774,27.632,5,"feel,center",5.815,8.108,9.8,2,"place,feel",22.214,26.846,28.15,4,"feel,life",6.203,13.183,13.684,5,"walk,life",5.935,9.522,10.691,2,"feel,labyrinth",5.37,6.188,6.984,2,"life,god",15.209,15.209,19.11,1,feel,16.927,17.555,19.339,2,center,11.696,14.59,15.976,2,"place,path",5.601,7.771,9.071,2,"path,life",11.161,12.822,13.855,2,"feel,life",i just imagine what the image view ,Yes,Very familiar,desing and build the structure 
0,0,8.461,0,"place,center",0,0,12.199,0,"feel,peace",0,0,8.242,0,"center,labyrinth",0,0,9.139,0,"place,center,walk,path",0,0,7.486,0,labyrinth,0,0,7.538,0,labyrinth,0,0,8.201,0,labyrinth,0,0,6.835,0,labyrinth,0,0,8.66,0,labyrinth,0,0,9.138,0,"place,center",0,0,13.742,0,"place,walk,path",0,0,9.179,0,"place,center",6.645,6.645,7.635,1,labyrinth,0,0,9.317,0,"place,walk,path",0,0,13.181,0,"place,center",0,0,10.555,0,"place,center",6.481,9.147,11.004,3,"place,center,peace",0,0,12.11,0,"feel,life,peace",0,0,6.577,0,labyrinth,0,0,9.937,0,"place,center",10.768,13.175,14.413,2,"place,walk",0,0,9.543,0,"place,walk,path",6.926,9.84,10.785,4,"place,walk,path,peace",0,0,10.378,0,"place,center",0,0,11.915,0,"walk,path",9.13,9.13,12.249,1,path,0,0,9.179,0,"feel,peace",0,0,8.401,0,"place,center,path",0,0,7.519,0,"feel,peace",9.38,15.421,16.468,4,"place,center,walk,path",9.278,11.854,13.362,2,"place,peace",0,0,11.747,0,"feel,peace",0,0,20.534,0,"life,peace",0,0,9.917,0,"feel,peace",0,0,12.47,0,"place,center",0,0,7.629,0,"feel,peace",6.877,12.626,14.27,4,"place,walk,path",11.923,15.399,17.312,3,"place,center,path",0,0,8.725,0,"feel,peace",0,0,9.483,0,"walk,path",Trying to look at the pictures and find a hidden meaning. ,Yes,Very familiar,A hard to complete maze or puzzle. 
5.559,5.559,6.677,1,labyrinth,12.903,12.903,13.7,1,walk,5.681,5.681,6.597,1,god,6.309,10.091,11.151,3,path,7.776,7.776,8.719,1,place,5.889,7.091,8.228,2,peace,6.235,8.42,9.543,2,"center,path",7.327,7.327,8.046,1,peace,5.445,7.031,8.02,3,feel,6.777,6.777,7.788,1,place,7.797,8.901,9.255,2,life,6.905,11.463,12.278,3,"walk,peace",12.692,12.692,13.525,1,walk,8.957,9.887,11.086,2,life,5.295,5.295,6.519,1,path,6.148,6.148,7.435,1,feel,6.519,7.696,8.898,2,"life,peace",12.912,12.912,13.9,1,peace,7.623,7.623,8.633,1,walk,6.889,6.889,7.75,1,god,8.531,12.127,13.472,2,"place,walk",5.939,5.939,6.642,1,life,8.673,8.673,10.218,1,peace,4.988,6.446,6.898,3,place,209.329,209.329,210.263,1,walk,13.168,13.168,14.24,1,peace,3.843,6.038,7.145,2,feel,7.697,7.697,8.512,1,path,5.606,6.071,7.175,2,peace,5.286,5.286,6.229,1,life,9.168,9.168,10.142,1,god,5.518,7.091,7.904,2,"place,feel",9.023,9.023,10.127,1,god,6.059,6.059,7.276,1,center,5.85,6.507,7.035,2,place,5.753,5.753,6.834,1,center,11.883,11.883,12.748,1,god,16.567,16.567,18.36,1,place,7.058,7.058,8.562,1,peace,6.042,6.042,7.433,1,peace,How none of the images made any sense whatsoever.,Yes,Moderately familiar,"A place of intricate mazes, borderline confusion"
18.059,19.666,21.838,2,"place,god",10.797,18.121,19.909,4,"place,center,life,god",6.042,8.191,10.765,2,"place,god",6.277,7.737,9.101,2,"center,walk",5.747,6.608,7.914,2,"peace,god",41.289,42.089,43.14,2,"center,life",5.712,10.598,11.841,4,"path,labyrinth",6.152,26.546,27.801,5,"center,path",10.036,12.693,13.977,3,"center,life,god",7.862,39.357,39.385,4,"place,life,labyrinth",5.715,7.85,9.207,3,"place,god",6.067,8.196,9.337,3,"place,life,peace",5.82,16.385,17.894,6,"place,center,peace,god",6.032,39.319,47.309,5,"walk,path,labyrinth",15.373,17.872,19.956,5,"place,center,path",6.016,10.818,12.47,3,"feel,life,peace",5.815,6.51,8.027,2,"place,god",6.734,7.537,9.854,2,"walk,path",9.528,12.918,14.35,3,"place,center,path",2.572,9.407,10.81,5,"place,walk,god",5.516,6.889,9.086,2,"feel,god",6.93,10.182,11.821,3,"peace,labyrinth,god",7.142,8.312,9.618,2,"feel,god",6.559,7.838,9.243,2,"feel,path",7.078,10.213,11.597,3,"place,path,god",5.763,11.423,12.823,5,"place,feel,peace",5.7,8.115,9.881,3,"peace,labyrinth,god",6.56,9.42,10.75,3,"place,feel,peace",6.379,9.903,11.184,3,"feel,peace",12.401,14.155,16.702,2,"path,labyrinth",6.971,10.58,13.275,3,"place,life,god",6.333,8.358,11.045,2,"life,god",10.437,10.437,12.42,1,feel,6.84,12.71,14.284,5,"walk,life,peace",7.544,9.709,10.915,3,"place,feel,god",11.584,16.918,18.986,3,"place,center,labyrinth",5.928,7.372,8.974,3,"walk,path,god",2.49,9.339,10.93,4,"life,peace,labyrinth",6.16,10.801,12.546,4,"feel,walk,labyrinth",7.187,8.587,10.1,2,"peace,god",so easy,Yes,Moderately familiar,different way
5.307,5.307,6.648,1,center,5.933,5.933,7.283,1,peace,6.641,6.641,8.698,1,path,6.43,6.43,8.631,1,life,5.308,6.67,7.525,2,"feel,center",7.288,9.765,11.423,2,"feel,path",5.778,5.778,7.144,1,path,6.336,8.568,9.802,2,"place,labyrinth",5.709,10.4,11.307,4,"center,path,labyrinth",7.662,7.662,8.732,1,center,13.064,15.257,16.761,2,"walk,life",7.386,7.386,8.536,1,center,6.548,7.422,8.432,2,"path,labyrinth",6.248,6.248,7.328,1,feel,6.224,6.224,7.37,1,feel,5.769,5.769,6.713,1,walk,5.267,6.163,7.437,2,"path,labyrinth",6.204,7.814,9.253,2,"walk,life",5.682,5.682,6.746,1,feel,6.424,8.106,9.561,2,"walk,labyrinth",5.902,5.902,7.288,1,walk,8.11,8.11,9.689,1,labyrinth,6.726,8.012,9.397,2,"feel,center",5.704,5.704,6.916,1,life,7.124,11.262,13.391,3,"place,path,labyrinth",5.082,7.32,8.329,2,"life,peace",14.726,15.935,17.267,2,"center,peace",5.511,5.511,6.607,1,peace,6.315,7.814,9.054,2,"life,peace",6.427,7.182,8.2,2,life,6.962,9.077,10.793,2,"center,life",7.657,7.657,8.998,1,place,6.981,6.981,8.019,1,path,5.962,7.324,8.607,2,"place,feel",6.106,6.106,7.214,1,path,6.175,6.175,7.405,1,center,5.677,5.677,6.83,1,life,5.501,5.501,6.968,1,feel,5.643,5.643,7.237,1,center,6.559,6.559,8.261,1,peace,life,Yes,Very familiar,maze
5.64,5.64,6.873,1,feel,5.316,5.316,6.587,1,walk,5.918,5.918,6.93,1,life,7.393,7.393,8.659,1,center,5.879,5.879,7.034,1,peace,5.823,5.823,7.112,1,labyrinth,15.668,15.668,16.623,1,path,6.875,6.875,8.231,1,god,5.627,5.627,6.489,1,god,19.848,19.848,20.961,1,feel,5.31,5.31,6.628,1,peace,10.714,10.714,12.016,1,path,5.662,5.662,6.706,1,walk,5.255,5.255,6.352,1,feel,5.432,5.432,6.91,1,place,9.383,9.383,10.501,1,life,10.763,10.763,11.742,1,place,5.894,5.894,7.321,1,center,5.392,5.392,6.769,1,feel,12.984,12.984,14.182,1,center,5.96,5.96,7.936,1,place,5.864,5.864,7.126,1,center,8.433,8.433,9.515,1,labyrinth,6.282,6.282,7.294,1,center,5.235,5.235,6.652,1,path,5.627,8.056,9.52,3,feel,5.404,5.404,6.517,1,life,5.34,5.34,6.695,1,life,5.764,9.024,10.488,3,center,22.622,22.622,23.983,1,path,6.233,6.233,7.732,1,labyrinth,39.914,39.914,40.854,1,place,5.767,5.767,6.801,1,feel,16.376,16.376,17.542,1,god,6.485,6.485,7.667,1,feel,6.654,6.654,8.035,1,god,5.57,5.57,6.725,1,walk,10.438,10.438,11.476,1,god,16.526,16.526,18.014,1,walk,35.316,35.316,36.362,1,peace,Its very clear.,Yes,Moderately familiar,A labyrinth is an ancient symbol that relates to wholeness. It combines the imagery of the circle and the spiral into a meandering but purposeful path.
6.468,6.468,8.818,1,peace,14.275,14.275,15.317,1,labyrinth,35.1,35.1,38.007,1,place,6.007,6.007,7.031,1,place,5.197,5.197,6.488,1,path,12.362,12.362,13.782,1,god,7,7,8.872,1,labyrinth,5.206,5.206,6.456,1,god,42.579,77.62,80.414,2,place,3.235,5.169,6.634,2,life,7.712,7.712,9.136,1,path,6.301,6.301,8.802,1,feel,6.595,6.595,7.922,1,labyrinth,6.436,6.436,7.817,1,place,5.62,5.62,7.776,1,god,4.665,11.906,13.192,5,feel,32.299,36.064,37.671,5,place,8.899,8.899,11.429,1,peace,4.037,7.353,8.19,2,god,6.286,6.286,7.075,1,life,10.435,11.802,13.306,3,labyrinth,6.596,9.862,11.422,3,feel,9.5,9.5,11.123,1,life,12.547,12.547,14.428,1,path,1.799,5.796,6.525,3,peace,9.888,9.888,11.857,1,labyrinth,10.828,10.828,12.469,1,walk,6.651,6.651,8.202,1,labyrinth,5.619,5.619,6.639,1,god,1.688,5.205,6.417,2,peace,1.644,8.698,10.276,2,walk,10.6,12.135,14.591,3,labyrinth,7.6,7.6,9.222,1,walk,5.743,5.743,6.564,1,labyrinth,10.677,10.677,12.421,1,god,5.201,5.201,6.124,1,path,6.247,6.247,7.656,1,labyrinth,8.168,8.168,9.413,1,walk,7.279,8.206,9.112,2,life,7.631,7.631,9.622,1,peace,nice thing in the work,Yes,Very familiar,A labyrinth is an ancient symbol that relates to wholeness. It combines the imagery of the circle and the spiral into a meandering but purposeful path. The Labyrinth represents a journey to our own center and back again out into the world. Labyrinths have long been used as meditation and prayer tools.
12.248,19.909,22.77,2,"feel,labyrinth",7.375,7.375,14.743,1,place,6.132,16.677,19.11,6,"place,center,walk,path,life,labyrinth",6.969,21.695,22.772,5,"place,walk,path",6.364,12.76,15.829,3,"place,labyrinth",8.009,11.083,13.67,2,"place,feel",4.192,7.488,13.926,2,labyrinth,6.489,16.477,18.127,3,"place,center,labyrinth",8.974,8.974,14.317,1,labyrinth,9.678,10.812,11.962,2,"place,labyrinth",7.8,16.019,17.649,4,"feel,walk,peace",11.581,19.214,20.57,2,feel,5.853,5.853,8.167,1,labyrinth,8.726,10.178,12.746,2,"place,path",6.989,13.669,15.694,5,"place,walk,path,labyrinth",6.537,15.926,17.149,5,"place,walk",6.891,14.929,16.319,3,"center,god",6.742,20.3,21.901,5,"place,center,walk,path,life",6.073,6.073,7.519,1,place,11.495,24.166,27.692,5,"place,feel,walk,path,labyrinth",10.293,20.186,21.201,2,"path,life",6.999,17.888,20.112,7,"place,feel,walk,life,peace",8.128,19.902,22.335,7,"place,feel,center,walk,path,life,peace",6.38,8.519,9.741,2,center,5.736,14.836,17.402,4,"place,walk,path,life",7.326,20.124,21.426,5,"feel,center,god",6.676,13.175,15.526,3,"path,life,peace",6.133,14.402,15.699,6,"place,walk,path,life,peace",6.838,19.286,21.187,7,"place,feel,walk,path,life,peace,god",6.288,6.288,17.948,1,center,10.258,15.34,17.353,5,"place,feel,center,life,peace",7.296,15.544,16.807,4,"place,center,life,god",9.657,18.252,19.554,4,"place,feel,path,peace",6.4,10.097,11.701,2,"place,feel",8.409,8.409,16.89,1,feel,7.157,7.157,12.216,1,god,7.775,11.808,13.533,3,"center,path,labyrinth",12.045,12.045,13.522,1,feel,7.849,15.7,17.141,6,"feel,center,walk,path,god",7.314,14.5,15.884,5,"place,walk,path,peace","I was thinking about the pictures sort of as Rorschach inkblots, trying to find ways they might be relevant (either directly or indirectly) to the words.",Yes,Very familiar,"Intricate paths, especially in a huge industrial setting."
6.741,6.741,8.402,1,center,10.616,10.616,12.373,1,place,11.697,11.697,13.261,1,place,24.699,24.699,26.164,1,place,10.49,10.49,12.016,1,peace,26.68,29.818,30.424,3,"place,feel",21.032,21.032,23.19,1,labyrinth,6.919,7.827,9.16,2,"place,feel",8.051,8.051,10.713,1,path,5.989,5.989,6.926,1,labyrinth,8.852,8.852,11.456,1,place,10.247,14.499,15.809,2,"place,center",7.46,14.199,16.635,2,"center,peace",9.932,9.932,11.801,1,place,13.936,14.673,16.033,2,place,12.845,12.845,14.857,1,place,5.431,7.674,9.201,3,"feel,center,walk",15.401,17.697,19.387,2,"place,walk",7.471,12.435,13.627,2,"place,peace",21.671,34.87,36.909,2,"feel,peace",16.011,16.011,17.954,1,walk,10.911,13.484,14.873,2,"place,peace",11.614,13.778,15.148,2,"place,peace",5.715,8.703,9.973,3,"feel,life,peace",20.945,20.945,23.455,1,peace,33.653,35.694,37.455,2,"place,peace",7.063,12.915,14.466,4,"path,life,peace",5.948,5.948,8.262,1,peace,7.241,10.621,12.623,2,"life,peace",10.805,13.172,14.321,2,"life,peace",9.846,9.846,11.311,1,feel,6.68,9.556,11.869,3,"place,life,peace",6.178,6.178,8.366,1,peace,23.46,23.46,27.553,1,labyrinth,5.652,7.781,8.984,2,"feel,life",12.807,15.122,17.154,2,"peace,god",7.162,7.162,8.647,1,peace,5.228,9.081,10.387,4,"place,peace",27.763,27.763,28.935,1,god,7.138,8.145,10.128,2,"life,peace",to know the people thoughts about images,Yes,Very familiar,"it means trick,confusion,network,complex  etc"
9.821,9.821,11.225,1,walk,12.261,12.261,14.354,1,place,8.985,19.174,20.491,4,peace,11.12,11.12,12.622,1,god,6.982,6.982,9.105,1,center,6.222,11.901,14.173,3,center,7.038,7.038,8.541,1,place,8.846,8.846,11.217,1,place,6.885,6.885,8.512,1,peace,9.599,9.599,11.825,1,walk,7.116,7.116,8.778,1,center,8.875,8.875,10.412,1,place,6.945,6.945,8.496,1,place,8.801,8.801,10.275,1,center,11.174,11.174,12.468,1,labyrinth,6.227,6.227,7.899,1,god,8.923,8.923,10.412,1,center,10.234,10.234,11.695,1,peace,20.491,20.491,22.771,1,place,14.15,14.15,16.329,1,place,6.769,6.769,8.461,1,life,5.925,5.925,7.764,1,labyrinth,10.943,10.943,12.614,1,labyrinth,9.69,17.45,18.753,3,center,6.641,6.641,8.292,1,life,5.87,5.87,7.695,1,peace,5.847,5.847,7.409,1,god,9.352,9.352,15.418,1,place,6.83,6.83,8.464,1,life,7.395,7.395,9.336,1,labyrinth,15.238,15.238,16.633,1,peace,6.898,6.898,8.929,1,center,4.922,24.542,26.086,4,path,9.523,9.523,11.23,1,peace,6.897,6.897,8.656,1,path,7.002,7.002,8.4,1,center,8.457,8.457,10.128,1,place,7.616,7.616,9.54,1,place,6.288,6.288,7.738,1,walk,8.343,8.343,9.949,1,labyrinth,These image about some intention. ,Yes,Moderately familiar,A complicated irregular network of passages. 
13.341,14.773,21.372,2,"place,center",7.283,15.025,20.244,3,"place,life,peace",16.438,17.377,22.685,2,"place,life",9.101,18.779,20.101,2,"life,peace",15.818,24.867,26.479,2,"place,peace",14.981,14.981,20.933,1,place,10.231,10.231,21.479,1,place,8.556,15.3,16.729,3,"place,feel,peace",10.989,12.97,17.185,2,"place,center",23.103,23.103,31.022,1,place,7.091,7.091,24.893,1,labyrinth,18.661,18.661,24.765,1,place,14.769,24.7,26.153,2,"place,path",11.17,16.943,21.184,2,"walk,path",29.009,29.009,29.897,1,feel,12.191,22.991,24.096,4,"place,feel,life,peace",10.532,23.081,24.317,3,"walk,path,labyrinth",19.55,19.55,20.98,1,life,7.692,14.46,15.947,4,"place,center,walk,path",8.197,9.562,14.74,2,"place,center",27.755,27.755,38.251,1,place,11.371,13.157,18.809,2,"life,peace",11.966,18.977,20.378,2,"place,peace",7.764,7.764,17.445,1,life,9.759,9.759,14.668,1,feel,9.73,19.841,22.054,4,"feel,center,life,peace",9.866,14.766,19.197,2,"life,god",7.794,7.794,23.861,1,path,11.671,11.671,14.989,1,life,6.794,19.736,21.706,2,"path,life",9.684,17.693,21.256,2,"feel,god",10.808,17.593,23.605,3,"place,life,peace",8.54,8.54,10.448,1,god,16.333,16.333,20.59,1,feel,23.028,23.028,25.049,1,life,7.801,19.475,21.234,2,"center,life",6.064,14.969,17.851,3,"feel,center,peace",6.601,6.601,22.189,1,walk,10.789,14.397,16.613,3,"center,life,god",8.527,15.97,18.683,3,"center,life,peace",that none of the images look like anything recognizeable,Yes,Moderately familiar,"long, complicated path"
15.248,16.502,16.652,2,place,8.955,8.955,10.21,1,peace,8.355,8.355,9.633,1,feel,8.982,8.982,10.775,1,center,6.342,10.003,10.162,4,place,5.385,5.385,7.026,1,peace,5.373,5.373,6.464,1,walk,8.276,12.49,12.406,6,peace,5.807,9.327,10.535,9,peace,7.615,7.615,9.169,1,walk,11.603,12.991,13.437,2,place,5.301,11.728,13.368,7,god,6.702,6.702,8.083,1,center,6.856,6.856,8.046,1,place,8.693,8.693,10.002,1,place,5.725,5.725,7.347,1,place,5.976,5.976,7.657,1,walk,9.248,10.359,10.802,2,labyrinth,43.512,48.529,48.694,3,path,27.188,27.837,29.26,2,god,11.175,13.602,13.749,4,labyrinth,5.513,5.552,7.362,3,labyrinth,8.329,8.329,11,1,center,9.897,9.897,11.084,1,center,6.38,7.401,7.551,3,feel,6.289,6.289,7.937,1,center,5.452,9.402,9.303,5,walk,11.354,12.942,12.95,2,life,11.894,11.894,13.255,1,path,7.496,9.189,9.2,3,god,7.021,7.021,12.345,1,path,5.648,5.648,6.833,1,peace,6.214,6.214,7.542,1,path,6.949,11.621,14.461,3,god,28.462,31.918,34.679,3,walk,10.934,10.934,12.161,1,life,7.106,7.106,8.205,1,life,6.216,6.216,7.426,1,feel,7.401,17.483,19.294,3,peace,5.688,5.688,6.602,1,center,good,Yes,Moderately familiar,a complicated irregular network of passages or paths in which it is difficult to find one's way
14.454,14.454,15.609,1,peace,5.607,6.559,7.585,2,god,5.279,5.279,6.814,1,place,5.551,5.551,6.64,1,life,5.118,5.118,6.843,1,walk,5.566,5.566,6.926,1,place,6.428,6.428,9.147,1,place,6.226,6.226,7.285,1,path,6.735,6.735,8.193,1,god,6.183,6.183,7.702,1,peace,8.611,8.611,10.169,1,feel,8.718,8.718,9.851,1,walk,10.483,10.483,11.601,1,center,9.979,9.979,11.301,1,walk,5.368,5.368,6.579,1,labyrinth,4.88,4.88,6.098,1,path,5.507,5.507,6.746,1,walk,10.727,10.727,13.47,1,path,5.271,5.271,6.466,1,place,5.461,5.461,6.91,1,life,19.506,19.506,20.719,1,center,5.841,5.841,6.843,1,peace,5.656,5.656,6.73,1,labyrinth,5.643,5.643,6.924,1,path,5.483,5.483,6.55,1,life,6.272,6.272,7.4,1,center,5.266,5.266,6.583,1,walk,5.738,5.738,6.48,1,labyrinth,16.882,16.882,18.294,1,labyrinth,12.27,12.27,14.496,1,path,6.385,6.385,7.1,1,labyrinth,7.899,7.899,9.183,1,god,6.356,6.356,7.438,1,place,7.098,7.098,8.238,1,path,23.738,23.738,24.886,1,path,21.972,21.972,23.485,1,place,9.642,9.642,12.275,1,labyrinth,6.038,6.038,6.987,1,life,5.489,5.489,6.282,1,feel,5.071,5.071,6.61,1,center,good thinking in this image,Yes,Very familiar,good
6.908,6.908,8.438,1,place,8.296,8.296,9.514,1,peace,6.748,6.748,7.895,1,center,5.493,5.493,6.704,1,place,7.497,7.497,8.668,1,peace,9.663,9.663,10.889,1,center,10.103,10.103,12.002,1,life,7.255,7.255,8.673,1,center,6.834,6.834,7.859,1,place,6.789,6.789,8.273,1,labyrinth,6.157,6.157,8.814,1,path,5.199,5.199,6.64,1,center,6.555,6.555,7.765,1,center,5.336,5.336,6.449,1,life,8.098,8.098,9.685,1,place,8.161,9.929,12.829,2,walk,9.949,9.949,10.886,1,place,6.316,6.316,7.279,1,place,6.919,6.919,7.897,1,place,6.448,6.448,7.563,1,life,5.723,5.723,6.869,1,feel,8.029,8.029,10.838,1,walk,10.654,10.654,11.845,1,place,5.474,5.474,7.037,1,path,7.921,7.921,9.509,1,god,6.891,6.891,8.422,1,god,6.134,6.134,7.298,1,labyrinth,7.994,7.994,9.164,1,labyrinth,8.145,8.145,11.278,1,life,5.72,5.72,6.963,1,life,6.41,6.41,7.74,1,peace,19.697,19.697,21.388,1,place,15.521,15.521,16.826,1,peace,8.407,8.407,11.353,1,feel,36.995,36.995,41.6,1,life,6.014,6.014,7.504,1,god,6.157,6.157,7.392,1,labyrinth,7.438,7.438,8.784,1,god,5.599,5.599,6.649,1,feel,6.244,6.244,7.695,1,path,Thoughtful pictures.,Prefer not to answer,Not familiar,BASE OR PLACE.
7.044,8.326,9.201,2,"center,labyrinth",6.029,11.559,12.251,3,"place,peace,labyrinth",6.747,7.437,8.541,2,"center,walk",8.493,8.493,9.545,1,place,7.018,8.113,8.857,2,"center,walk",5.031,6.722,7.641,2,"walk,path",7.766,7.766,8.829,1,center,4.555,6.544,7.608,2,walk,8.333,9.551,10.446,2,"place,feel",7.766,7.766,9.122,1,center,6.27,7.693,8.684,2,"walk,path",6.96,9.363,10.24,3,"center,walk,labyrinth",6.336,7.426,8.204,2,"center,walk",6.634,7.29,8.211,2,"place,walk",5.789,5.789,8.218,1,center,6.269,6.269,9.178,1,center,5.832,6.635,7.667,2,"walk,path",5.71,6.295,7.1,2,"center,path",7.52,9.226,10.224,2,"center,walk",5.643,6.877,7.706,2,"center,labyrinth",6.171,6.171,7.19,1,life,10.283,10.283,11.258,1,feel,7.682,7.682,8.702,1,life,7.93,9.117,10.77,2,"life,peace",6.29,7.638,8.624,2,"feel,life",7.04,7.74,8.448,2,"life,peace",6.244,8.151,9.233,3,"center,life,peace",5.968,7.163,8.555,2,"center,life",6.954,8.464,9.278,2,"place,peace",3.004,5.773,7.063,2,god,6.376,7.377,8.521,2,"life,peace",5.815,6.755,7.854,2,"center,peace",8.185,8.185,9.552,1,path,5.816,5.816,6.677,1,life,6.202,6.202,6.999,1,life,5.153,5.153,6.848,1,god,6.947,8.651,9.459,2,"place,walk",8.444,10.271,11.016,2,"feel,life",7.088,7.088,8.103,1,life,5.41,9.372,10.426,2,"feel,life",What the image seemed to contain (structures vs life forms).,Yes,Very familiar,"A maze or twisting, convoluted structure"
6.927,6.927,7.779,1,place,10.561,10.561,11.486,1,place,6.825,6.825,8.129,1,place,5.842,5.842,6.794,1,place,5.357,5.357,6.306,1,labyrinth,4.899,4.899,7.855,1,"path,labyrinth",5.931,5.931,6.823,1,place,12.133,12.133,13.444,1,center,5.981,5.981,7.758,1,labyrinth,11.011,11.011,12.7,1,labyrinth,6.573,6.573,8.051,1,labyrinth,6.526,6.526,7.618,1,labyrinth,8.444,9.526,11.673,3,place,5.48,15.143,16.229,4,place,17.245,17.245,21.968,1,life,5.711,5.711,6.798,1,place,5.144,5.144,7.561,1,labyrinth,5.231,8.021,9.935,2,labyrinth,11.7,12.5,12.989,2,labyrinth,10.825,10.825,12.799,1,path,11.482,11.482,12.266,1,feel,9.521,9.521,11.125,1,walk,6.995,9.334,9.939,3,path,6.024,6.024,8.646,1,path,8.159,8.159,9.653,1,walk,12.975,15.803,18.324,3,peace,5.8,5.8,7.009,1,path,15.034,15.034,16.548,1,peace,10.098,10.098,10.979,1,walk,5.403,5.403,7.103,1,place,9.218,13.496,14.559,3,path,5.184,5.184,6.118,1,path,10.567,10.567,11.605,1,place,6.11,6.11,8.589,1,center,8.574,10.798,11.606,2,path,6.854,6.854,7.937,1,center,5.217,5.217,6.523,1,path,7.868,7.868,9.483,1,peace,8.175,8.175,9.866,1,center,7.349,7.349,8.615,1,walk,looked like inverted graphics just wondering if they were cities or islands maybe,Yes,Moderately familiar,a series of tunnels or similar
13.695,14.911,16.153,3,"feel,walk,path",2.059,6.979,8.832,2,place,1.901,8.398,9.873,4,"center,labyrinth",18.891,21.188,22.236,3,place,6.168,7.681,8.728,3,"center,walk,path",16.401,16.401,18.105,1,path,12.434,13.848,15.304,2,"walk,labyrinth",4.247,7.119,8.547,5,"place,feel,path",7.554,8.407,9.593,2,center,4.225,12.219,13.6,7,"place,path,peace",5.624,6.641,7.902,3,"life,peace,labyrinth",7.678,9.373,10.857,3,"place,center,walk",1.848,9.16,10.521,5,"place,feel,peace",5.407,6.623,8.158,2,"feel,center",3.568,9.581,11.557,5,"place,walk,labyrinth",6.231,10.28,11.647,3,"life,labyrinth,god",2.233,9.936,10.992,5,"place,labyrinth,god",127.324,127.324,128.801,1,labyrinth,7.185,9.227,10.728,4,"place,center,labyrinth",11.8,12.818,13.784,2,"center,path,labyrinth",4.63,8.028,9.385,4,"place,life,peace",6.1,7.651,9.055,3,"center,walk,god",4.789,9.154,10.534,4,"center,path,labyrinth",3.979,6.373,7.201,4,"walk,life,god",4.76,8.976,10.538,3,"place,walk",47.458,49.155,50.386,2,"place,path",62.535,68.639,69.939,5,"place,walk,peace",7.786,10.057,11.334,4,"center,life,labyrinth",8.687,9.917,12.001,2,"place,path",6.726,8.057,9.601,3,"place,feel,labyrinth",3.398,10.596,11.956,5,"walk,life,labyrinth",26.648,34.977,36.426,7,"place,center,path",14.115,15.588,17.212,3,"place,walk,labyrinth",1.919,7.814,8.944,5,"center,walk,path,life",5.796,7.363,8.866,3,"feel,life,labyrinth",6.308,10.78,12.045,5,"walk,life,labyrinth",5.431,10.448,11.48,5,"center,peace",2.545,9.704,11.436,4,"path,peace,labyrinth",1.387,7.083,8.297,4,"place,path,peace",1.901,9.493,11.128,3,"walk,labyrinth",I was thinking about life ,No,Not familiar,I don't know 
10.974,15.479,16.201,5,god,23.794,24.906,25.839,2,feel,5.125,5.125,5.8,1,center,28.724,28.724,30.202,1,path,10.084,10.084,10.786,1,place,8.116,9.275,9.589,2,life,6.28,6.28,7.192,1,life,8.656,8.656,9.446,1,peace,14.07,14.07,14.996,1,walk,5.204,5.204,6.29,1,feel,5.408,5.408,6.267,1,peace,8.562,8.562,9.396,1,walk,23.397,23.397,24.043,1,place,6.557,6.557,7.187,1,place,19.922,19.922,20.819,1,path,6.56,6.56,7.335,1,walk,4.562,4.562,6.071,1,god,10.297,10.297,11.733,1,peace,6.219,9.922,10.424,2,center,5.447,5.447,6.343,1,labyrinth,30.137,30.137,30.881,1,labyrinth,8.731,8.731,9.54,1,god,5.89,5.89,6.798,1,walk,8.134,9.798,10.286,2,place,4.522,4.522,5.796,1,feel,10.91,10.91,11.993,1,walk,7.783,7.783,8.701,1,life,5.271,5.271,6.036,1,center,6.934,6.934,8.001,1,god,6.234,6.627,7.43,2,path,6.44,6.44,7.141,1,center,10.646,10.646,11.225,1,center,4.715,4.715,5.784,1,life,6.508,6.508,7.471,1,peace,17.583,17.583,18.369,1,life,7.149,7.149,7.943,1,labyrinth,6.531,6.531,7.452,1,place,11.898,11.898,13.969,1,center,6.69,6.69,7.371,1,place,4.79,4.79,5.75,1,place,it is easy study,Yes,Very familiar,labyrinth
7.968,7.968,11.849,1,walk,3.553,5.324,7.586,2,peace,3.235,9.992,17.762,5,center,10.205,10.205,13.69,1,path,5.402,5.402,7.416,1,life,6.404,6.404,8.076,1,feel,5.683,5.683,7.886,1,center,5.654,5.654,7.866,1,place,6.599,6.599,9.446,1,life,6.543,6.543,8.356,1,center,20.269,20.269,25.839,1,peace,8.285,8.285,14.58,1,life,6.348,6.348,8.15,1,place,5.427,5.427,7.286,1,walk,11.628,11.628,15.688,1,place,26.659,26.659,28.594,1,place,5.845,5.845,8.061,1,path,8.768,8.768,11.394,1,path,7.063,7.063,10.405,1,life,6.25,6.25,8.337,1,walk,9.976,9.976,14.172,1,life,15.714,15.714,17.421,1,center,5.941,5.941,8.466,1,path,15.938,15.938,17.699,1,place,0.624,10.721,27.416,2,place,23.616,23.616,32.564,1,center,5.496,8.41,10.442,3,life,3.168,19.448,20.879,3,walk,6.284,6.284,8.255,1,peace,5.971,5.971,8.132,1,place,9.727,9.727,11.435,1,labyrinth,6.068,6.068,7.98,1,walk,8.162,8.162,9.96,1,feel,9.401,9.401,12.517,1,labyrinth,5.864,5.864,7.346,1,center,6.457,6.457,9.147,1,peace,9.001,9.001,10.384,1,feel,12.916,12.916,15.618,1,path,6.056,6.056,8.094,1,place,10.216,10.216,12.519,1,feel,i was thinking of natural settlement,No,Not familiar,a form of natural occurrence
11.141,13.816,14.851,2,"life,labyrinth",14.215,15.945,17.876,2,"center,walk",10.43,13.802,16.632,2,"path,labyrinth",6.1,7.99,9.745,2,"life,labyrinth",7.475,10.076,11.21,3,"walk,path,labyrinth",7.904,7.904,10.57,1,place,8.989,8.989,10.968,1,center,5.2,6.191,7.238,2,"place,center",6.206,6.206,8.544,1,labyrinth,6.088,6.745,7.938,2,"place,labyrinth",7.179,7.179,8.052,1,center,9.525,9.525,10.51,1,peace,8.137,8.137,10.718,1,feel,12.091,14.955,16.099,3,"feel,walk,path",13.55,13.55,14.793,1,life,6.056,8.202,9.46,2,"place,walk",10.112,14.109,15.24,2,"walk,life",6.511,8.059,9.341,2,"walk,peace",6.267,9.723,11.844,3,"feel,walk,path",6.359,6.359,11.347,1,feel,5.566,6.48,8.703,2,"center,god",6.489,6.489,7.467,1,walk,6.264,6.264,8.898,1,life,6.196,7.223,8.331,2,"center,peace",5.973,9.637,10.766,2,"feel,life",7.48,11.284,11.677,3,"center,peace",11.566,11.566,13.472,1,god,7.38,7.38,8.957,1,feel,10.126,11.808,17.398,2,place,5.874,5.874,7.165,1,god,6.314,8.142,9.143,2,"center,god",6.859,6.859,8.38,1,center,14.518,14.518,15.649,1,life,6.18,6.18,7.423,1,feel,5.936,9.77,10.193,3,"center,peace",5.673,6.688,7.85,2,"center,path",6.549,8.382,9.481,2,"center,labyrinth",6.483,6.483,7.822,1,god,5.965,10.655,11.968,4,"life,peace,god",5.079,5.079,6.407,1,peace,How I visually saw the photos. What would come to mind when each photo was shown was different,Yes,Moderately familiar,A twisting maze with many possible outcome
13.757,13.757,15.691,1,place,6.06,6.06,8.761,1,peace,8.459,13.771,17.701,2,"place,path",9.753,9.753,11.682,1,peace,8.034,8.034,10.05,1,place,6.51,6.51,7.694,1,place,16.619,16.619,24.035,1,path,8.182,8.182,9.658,1,place,6.639,6.639,16.112,1,place,5.189,5.189,7.292,1,walk,11.018,11.018,14.37,1,path,17.704,17.704,20.817,1,path,5.398,5.398,11.718,1,place,9.935,11.559,12.559,2,feel,13.973,13.973,15.788,1,path,6.533,6.533,8.003,1,peace,7.256,7.256,8.231,1,peace,10.469,12.669,14.567,3,"place,feel,peace",30.371,30.371,31.979,1,place,10.112,10.112,11.785,1,feel,10.583,10.583,12.334,1,peace,5.29,5.29,6.841,1,life,13.434,13.434,14.599,1,place,9.643,11.955,14.402,2,"walk,god",22.874,22.874,24.465,1,life,5.528,5.528,7.068,1,feel,17.349,17.349,19.172,1,center,10.531,10.531,12.299,1,peace,9.17,9.17,10.233,1,place,5.124,6.588,7.274,2,peace,8.189,8.189,9.589,1,god,12.468,19.82,22.689,6,"place,feel,path,life,peace,god",9.616,9.616,20.417,1,feel,8.043,8.043,9.354,1,life,10.542,10.542,12.118,1,peace,6.052,6.052,7.878,1,god,5.814,13.43,14.525,3,"place,path,peace",5.595,26.248,27.767,7,"place,feel,walk,life,peace",15.113,15.113,16.243,1,center,7.685,7.685,9.674,1,walk,"what kind of art is been displayed and what relationship does it have with the enlisted words 
",Yes,Moderately familiar,maze 
5.333,5.333,6.877,1,feel,12.563,12.563,13.86,1,center,0.86,5.42,6.419,11,peace,4.911,6.768,7.664,3,peace,0.887,6.439,7.888,2,peace,5.697,7.091,7.612,3,life,23.588,23.588,24.601,1,peace,1.097,5.289,6.265,8,place,1.083,5.547,7.531,8,life,1.123,5.267,6.517,4,place,11.646,11.646,13.437,1,walk,4.09,6.722,7.266,3,center,6.044,7.236,7.564,3,path,1.256,5.498,6.332,9,walk,2.257,8.794,9.956,10,path,1.277,21.965,23.402,5,peace,6.912,6.912,8.203,1,path,1.123,20.163,20.797,6,life,250.7,251.602,252.011,2,center,0.97,5.683,6.755,3,god,1.001,13.031,14.47,2,feel,0.994,7.321,8.516,9,life,2,16.391,17.905,4,place,0.734,5.694,6.64,9,life,1.542,151.894,152.851,2,peace,5.762,7.4,8.381,3,god,5.442,5.442,6.9,1,place,0.892,7.964,9.141,3,place,1.009,379.848,380.759,2,god,0.098,4.995,6.122,13,center,0.872,7.384,8.695,2,life,0.923,5.491,6.44,6,god,1.077,8.868,9.901,14,path,1.146,9.978,20.018,2,feel,0.925,6.157,7.453,2,path,25.301,25.301,26.843,1,feel,1.037,10.973,11.513,6,life,0.832,4.312,5.88,10,center,0.95,6.638,7.038,6,path,0.944,7.464,9.615,6,walk,good,Yes,Moderately familiar,good
36.994,36.994,37.681,1,labyrinth,5.481,5.481,6.194,1,god,27.1,27.1,28.264,1,labyrinth,26.534,26.91,27.826,2,path,25.49,25.49,27.076,1,center,9.785,11.056,11.768,2,place,8.106,8.106,8.836,1,path,14.207,14.207,15.957,1,path,8.337,8.337,9.143,1,walk,5.272,5.272,6.03,1,life,4.992,4.992,5.857,1,feel,7.425,7.425,8.498,1,peace,5.824,5.824,7.06,1,labyrinth,12.557,13.306,13.823,2,god,4.868,4.868,5.859,1,path,6.021,12.068,12.948,3,center,5.223,5.223,5.982,1,god,5.15,5.15,5.996,1,feel,5.346,5.346,6.103,1,place,15.937,15.937,17.178,1,walk,5.101,5.101,5.972,1,life,8.209,8.209,8.9,1,place,13.371,13.371,14.136,1,place,6.433,6.433,7.172,1,feel,11.86,11.86,12.808,1,walk,5.363,5.363,7.5,1,feel,8.941,8.941,10.501,1,god,5.44,5.44,6.084,1,labyrinth,3.875,4.815,5.83,2,god,40.346,40.346,47.415,1,life,4.83,4.83,5.899,1,walk,12.364,12.364,13.15,1,path,5.61,5.61,6.369,1,labyrinth,8.07,8.305,9.172,2,path,18.95,18.95,19.78,1,center,6.83,6.83,7.666,1,god,31.454,31.454,32.601,1,walk,7.357,7.357,8.122,1,labyrinth,9.886,11.254,12.341,3,god,0.1,4.898,6.051,2,peace,it is easy study,Yes,Very familiar,labyrinth
12.446,15.487,16.902,2,"place,peace",11.613,14.338,20.367,2,"center,peace",6.298,6.298,7.435,1,peace,14.284,18.143,26.934,4,"place,center",7.038,15.02,16.418,5,"center,peace,labyrinth",15.167,19.119,20.66,2,center,3.65,6.284,7.516,2,walk,11.586,11.586,13.851,1,center,7.355,8.874,9.673,2,"walk,god",16.242,21.205,21.777,4,"place,peace",7.567,7.567,8.991,1,center,7.938,9.524,10.583,3,"center,peace,labyrinth",6.667,17.746,20.825,4,"place,peace",10.023,12.738,13.885,2,"place,peace",5.964,8.076,13.16,2,"path,peace",6.712,16.48,17.621,5,"place,path,labyrinth",8.852,9.475,10.754,2,"place,labyrinth",24.657,25.681,26.443,2,"path,peace",10.452,13.346,14.454,4,"path,life,god",5.353,8.107,9.392,4,"place,center,peace,labyrinth",5.454,7.669,9.154,3,"center,walk,peace",8.001,12.106,19.205,3,"feel,walk,labyrinth",5.681,5.681,7.225,1,feel,6.316,9.088,12.021,2,"path,peace",18.671,18.671,20.35,1,life,11.479,11.479,18.785,1,feel,6.362,6.362,8.2,1,walk,7.537,9.541,10.535,3,"center,path,life",20.735,20.735,21.783,1,walk,17.915,17.915,20.05,1,labyrinth,15.617,16.532,17.757,2,"path,peace",0.091,9.942,13.3,2,labyrinth,8.544,9.543,11.2,2,"walk,labyrinth",11.644,11.644,12.634,1,labyrinth,10.203,10.203,11.391,1,walk,12.177,12.177,13.077,1,path,7.396,17.155,18.045,4,"feel,walk,life,peace",8.7,12.337,13.146,3,"place,path",5.494,5.494,6.601,1,god,18.649,23.724,26.465,4,"place,center,path,labyrinth",good ,Yes,Very familiar,no
5.554,6.787,7.102,2,path,4.853,4.853,6.058,1,feel,5.706,5.706,7.328,1,center,6.956,6.956,8.476,1,path,5.063,5.801,6.901,2,feel,6.692,6.692,7.85,1,peace,5.262,5.262,10.892,1,walk,5.565,5.565,7.163,1,path,5.674,5.674,6.869,1,god,6.024,6.024,7.551,1,place,5.455,5.455,9.002,1,feel,5.425,5.425,7.7,1,path,6.811,8.526,9.402,2,god,7.253,7.253,8.52,1,place,6.759,6.759,8.102,1,walk,5.859,5.859,7.15,1,place,4.838,4.838,6.777,1,life,9.662,10.835,11.433,2,place,6.149,6.149,7.44,1,labyrinth,5.771,7.59,8.644,2,life,5.82,5.82,7.002,1,labyrinth,4.868,5.843,6.842,2,labyrinth,5.479,5.479,6.678,1,peace,5.792,5.792,7.036,1,feel,5.311,5.311,6.83,1,walk,4.894,4.894,5.94,1,feel,4.751,4.751,6.287,1,place,5.161,7.073,8.793,2,"feel,path",5.157,5.157,6.498,1,path,5.306,6.516,7.099,2,god,6.3,6.3,7.801,1,peace,5.168,6.344,7.962,2,place,5.758,5.758,6.837,1,life,6.114,6.114,7.346,1,labyrinth,4.657,4.657,6.2,1,walk,4.815,4.815,5.998,1,walk,4.794,4.794,5.783,1,peace,4.887,6.001,6.702,2,center,6.088,6.088,7.806,1,feel,4.557,4.557,5.959,1,peace,Nothing to think about while viewing these images,Yes,Not familiar,critical way.
20.596,20.596,22.349,1,life,20.724,20.724,21.994,1,peace,5.357,7.053,8.874,2,"place,center",7.065,7.065,8.258,1,place,6.837,6.837,8.335,1,center,6.021,9.038,10.584,2,"place,center",4.695,8.968,11.128,2,labyrinth,15.173,19.14,20.47,3,"center,path,labyrinth",6.048,11.269,12.552,3,"center,path,labyrinth",13.177,17.681,19.222,3,"place,path,labyrinth",5.558,5.558,7.257,1,place,12.406,15.078,16.574,2,"place,path",12.322,20.168,21.811,3,"place,center,path",6.697,6.697,14.785,1,place,10.588,21.88,23.295,2,"place,walk",12.265,12.265,13.742,1,place,10.623,12.058,13.457,2,"place,center",6.886,8.844,10.195,3,place,7.177,7.177,8.403,1,place,5.538,10.176,11.764,2,"place,walk",11.609,11.609,13.722,1,path,4.769,13.652,16.686,3,"path,labyrinth",5.601,5.601,6.894,1,labyrinth,6.032,7.638,8.729,2,"place,peace",9.183,9.183,13.128,1,path,6.139,6.139,7.323,1,center,6.316,6.316,7.37,1,peace,13.984,13.984,15.727,1,feel,7.079,7.079,8.727,1,peace,20.578,20.578,23.763,1,labyrinth,6.811,11.469,13.301,2,"place,peace",6.405,6.405,7.723,1,peace,10.069,13.579,16.152,2,"walk,peace",6.437,6.437,8.196,1,peace,7.157,7.157,8.93,1,path,2.407,21.332,22.458,4,center,6.147,6.147,7.948,1,peace,3.299,10.28,11.524,3,"path,peace",6.735,6.735,8.264,1,peace,6.923,8.026,9.339,2,"walk,path",Trying to understand what they're supposed to be and how they would relate to the list of words to choose from.,Yes,Very familiar,A maze.
6.885,8.862,9.841,3,"feel,center,labyrinth",5.891,8.291,9.583,4,"feel,path,life,peace",6.558,6.558,7.592,1,life,5.851,5.851,6.758,1,god,9.229,10.045,10.922,2,"life,peace",5.151,7.206,7.923,3,"place,peace,labyrinth",6.583,8.566,9.514,2,"life,labyrinth",6.522,7.289,8.38,2,"life,labyrinth",8.433,9.986,12.389,3,"path,life,peace",7.224,9.024,9.915,3,"feel,path,god",9.582,10.494,11.385,2,"place,labyrinth",8.644,8.644,9.616,1,place,6.153,8.409,9.084,3,"place,life,god",5.332,7.291,8.053,3,"center,walk,peace",5.717,6.572,7.567,2,"walk,path",6.751,7.775,8.507,2,"place,walk",5.266,7.186,7.869,3,"place,walk,god",5.272,7.712,8.828,3,"place,center,walk",5.747,6.875,7.197,3,"walk,labyrinth",6.938,6.938,9.42,1,place,4.7,6.572,7.55,3,"path,peace,god",5.762,7.578,8.613,3,"walk,peace,god",5.078,6.31,8.035,2,"life,god",5.704,5.704,6.708,1,life,8.339,8.915,10.278,2,"feel,life",4.858,5.898,6.918,2,"walk,god",5.335,6.151,6.779,2,"feel,path",6.296,7.68,8.405,3,"place,path,life",6.915,7.772,8.83,2,"feel,path",8.572,9.356,10.528,2,"place,life",5.386,6.362,7.333,2,"walk,peace",5.485,7.133,8.075,3,"walk,life,peace",5.652,7.828,8.297,3,"feel,walk",5.743,5.743,7.306,1,peace,19.51,19.51,21.564,1,place,5.009,6.081,6.909,2,"place,center",5.275,7.355,8.504,3,"walk,life,peace",6.247,6.247,7.019,1,center,7.964,9.62,10.576,3,"place,center,life",4.998,5.533,6.135,2,"place,peace","how to take the images, see what they are outlining or trying to convey to me.",Yes,Very familiar,"I think of the labyrinth the Greek Minitor Mentos I believe it was that lived in, it in my mind is a complex maze that is confusing and vast."
1.772,24.3,25.44,5,"center,walk,path",4.527,9.196,10.047,4,"feel,life,peace",1.401,7.462,8.686,3,"place,center",1.107,11.017,11.801,5,"feel,path,life,labyrinth",2.055,12.359,13.289,4,"place,center,life",4.701,7.2,11.881,3,"place,center",2.984,8.426,9.8,3,"place,center",0.87,15.521,16.564,5,"place,center,walk,life",1.139,9.996,11.583,4,"place,center,life",0.97,8.601,12.419,3,"place,peace",0.967,14.249,15.138,3,"place,life",1.049,10.112,11.105,4,"place,center,life",1.629,13.031,14.082,5,"feel,center,walk,life",1.505,7.167,8.155,3,"place,peace",1.101,10.2,13.575,4,"place,life",1.332,20.42,22.135,6,"place,walk,path,labyrinth",0.795,11.166,12.131,4,"place,walk,path",4.826,6.626,10.992,3,"life,labyrinth",1.183,14.337,15.316,4,"place,center,life",1.334,10.467,11.687,4,"place,center,life",0.761,12.433,13.365,4,"feel,walk,life",1.599,9.855,10.828,4,"walk,path,peace",4.5,11.171,12.112,4,"feel,walk",1.849,7.596,8.64,5,"walk,path,peace",1.4,10.934,11.844,4,"place,center,life",3.838,12.431,13.732,4,"place,peace,god",1.387,10.175,11.451,4,"feel,peace,god",1.491,11.963,13.058,4,"feel,walk,peace",1.669,13.449,15.778,4,"feel,life,labyrinth",2.05,11.61,12.367,4,"place,feel,center",0.949,14.207,15.133,6,"place,path,life,peace",0.899,9.63,10.667,4,"feel,life,peace",0.939,10.789,12.121,4,"place,feel,peace",0.982,14.825,16.266,4,"place,feel,life",1.008,8.688,11.491,3,"feel,god",1.119,14.974,16.125,3,"feel,peace",0.869,16.328,18.168,4,"place,center",1.301,13.003,14.523,5,"place,walk,path",1.051,13.542,14.591,4,"walk,life,peace",1.109,12.201,13.397,6,"place,feel,walk,life,peace",I was thinking about the impressions I got when I saw them. I also thought about how I had no idea what the real picture was and hoped my feelings were appropriate.,Yes,Very familiar,A labrynth is a path with many twists and turns that brings you to a realization of peace.
6.467,6.467,8.176,1,place,6.98,6.98,8.451,1,place,6.07,6.07,7.358,1,place,5.46,5.46,6.842,1,walk,6.558,8.326,10.045,2,"path,labyrinth",7.478,7.478,8.947,1,place,5.335,5.335,7.012,1,place,6.93,6.93,8.353,1,place,6.995,6.995,8.561,1,place,6.921,6.921,8.306,1,place,7.563,7.563,9.193,1,place,7.783,7.783,8.966,1,life,5.467,5.467,6.481,1,place,6.9,6.9,7.728,1,life,7.12,7.12,8.002,1,place,7.955,7.955,9.24,1,place,15.526,15.526,17.484,1,feel,7.024,7.024,7.892,1,walk,9.29,9.29,10.12,1,place,6.356,6.356,7.553,1,place,6.32,6.32,7.789,1,center,18.379,18.379,19.441,1,place,20.425,20.425,21.745,1,center,7.082,7.082,8.584,1,life,7.562,7.562,8.521,1,feel,7.244,7.244,8.825,1,center,6.073,7.584,8.59,2,center,6.565,6.565,7.98,1,life,6.177,6.177,7.487,1,feel,8.822,8.822,10.354,1,feel,10.83,10.83,12.453,1,feel,7.474,7.474,8.975,1,life,10.214,10.214,11.715,1,feel,10.84,10.84,12.592,1,feel,28.606,28.606,30.429,1,labyrinth,17.128,17.128,18.992,1,path,8.378,9.593,11.385,2,walk,10.93,10.93,12.426,1,walk,20.458,20.458,21.431,1,walk,7.271,7.271,8.485,1,walk,Many pictures brought up memories of walking thru NYC or Pittsburgh when I was younger,Yes,Very familiar,It's a type of maze. I associate it mostly with fairy stories or mythology
6.628,6.628,7.931,1,walk,5.69,5.69,7.58,1,life,5.67,5.67,7.618,1,place,5.859,5.859,6.99,1,peace,3.387,6.7,8.175,2,place,36.664,57.741,61.554,5,feel,18.098,24.863,27.598,2,place,7.897,7.897,9.747,1,walk,13.491,13.491,15.64,1,place,6.543,6.543,7.961,1,life,6.135,7,8.691,2,center,8.588,10.549,13.211,2,"feel,center",16.858,20.531,21.902,3,peace,7.057,7.057,8.354,1,feel,9.685,9.685,11.507,1,feel,8.531,8.531,23.798,1,life,8.342,8.342,9.771,1,place,6.072,6.072,7.268,1,path,7.906,7.906,9.139,1,life,5.907,11.074,12.262,5,"place,center,walk",7.677,15.578,17.414,2,feel,6.297,6.297,7.973,1,labyrinth,5.884,5.884,7.357,1,path,5.542,5.542,6.968,1,labyrinth,6.269,6.269,7.723,1,feel,19.642,19.642,22.325,1,path,6.169,6.169,7.59,1,center,2.802,6.043,7.171,4,walk,6.307,6.307,7.638,1,labyrinth,17.341,17.341,18.801,1,place,5.793,5.793,7.232,1,labyrinth,7.205,7.205,8.293,1,peace,6.776,6.776,8.527,1,center,10.697,12.302,12.419,2,peace,6.6,6.6,8.348,1,walk,11.284,11.284,14.072,1,center,22.07,24.3,25.674,2,feel,5.597,5.597,16.073,1,life,6.415,6.415,8.208,1,feel,6.401,6.401,7.57,1,god,to understand,Yes,Very familiar,the complex n
6.125,16.853,18.527,4,"place,feel,center,labyrinth",6.638,8.83,9.56,3,"place,path,life",4.856,9.448,10.264,5,"place,feel,path",5.054,10.622,11.476,5,"place,feel,walk",4.971,6.227,7.574,2,"center,labyrinth",6.815,7.543,8.92,2,"place,walk",5.623,6.382,9.856,2,"center,labyrinth",5.53,6.218,6.917,2,"place,labyrinth",6.574,6.574,8.8,1,place,18.102,21.398,22.654,3,"place,walk,life",5.767,13.495,14.522,3,"place,feel,path",6.36,6.36,7.755,1,place,5.158,8.837,9.809,3,"place,feel,center",5.667,8.556,9.342,3,"place,feel",15.297,15.297,20.395,1,place,7.039,8.639,9.6,2,"place,life",7.104,8.745,10.612,2,"place,labyrinth",5.279,7.111,8.17,2,"place,path",7.422,9.549,13.651,2,"center,labyrinth",4.981,10.285,11.264,4,"place,center,labyrinth",6.531,10.619,11.883,3,"feel,center,peace",5.877,7.517,8.591,2,"life,peace",7.145,9.617,10.381,4,"life,peace",4.878,6.422,8.19,2,"path,peace",6.251,7.075,8.062,2,"walk,labyrinth",6.207,7.567,8.315,2,"center,peace",6.491,11.619,15.508,2,"center,path",5.667,8.027,8.916,4,"feel,peace",5.236,9.539,10.408,5,"walk,life,peace",5.824,10.68,11.137,3,"feel,center",5.813,7.669,8.511,2,"peace,god",5.63,8.215,8.857,2,life,5.12,7.48,8.272,3,"walk,path,life",6.459,10.971,12.406,2,"feel,walk",4.762,8.386,8.932,3,"feel,peace",7.222,7.222,9.72,1,life,5.636,7.012,7.836,3,"center,life,peace",7.529,11.609,11.961,7,"feel,path,peace",7.379,11.186,12.443,3,"feel,path,peace",5.703,7.832,9.023,2,"peace,god","I was trying to imagine if the image made me feel like I was in nature or in a city. I felt peaceful in the images that evoked nature but chaotic in the busy, city pictures.",Yes,Very familiar,I imagine a maze or a chaotic scene with lots of routes and lines.
6.231,6.231,7.931,1,path,12.547,12.547,14.213,1,life,7.033,8.792,12.485,2,path,5.696,5.696,7.724,1,center,6.038,6.038,7.421,1,walk,9.409,9.409,10.707,1,path,8.619,8.619,10.455,1,walk,48.65,51.688,54.389,3,peace,5.818,5.818,10.2,1,god,6.316,6.316,7.412,1,labyrinth,6.684,6.684,7.832,1,feel,6.947,9.679,15.354,2,labyrinth,7.114,7.114,15.41,1,place,11.231,11.231,112.684,1,place,5.271,5.271,9.955,1,walk,8.424,8.424,10.592,1,life,5.67,5.67,7.755,1,labyrinth,13.997,20.277,22.466,2,feel,7.281,7.281,8.958,1,life,7.986,13.522,14.869,3,center,11.826,11.826,12.96,1,walk,6.715,6.715,10.107,1,labyrinth,40.312,40.312,42.335,1,path,6.625,6.625,8.562,1,peace,15.393,17.492,19.345,2,center,5.603,5.603,6.893,1,god,14.894,14.894,17.244,1,god,6.493,6.493,8.249,1,god,5.826,5.826,8.001,1,center,15.514,15.514,17.597,1,labyrinth,6.429,6.429,8.189,1,labyrinth,6.297,6.297,7.623,1,life,335.812,335.812,337.179,1,place,86.437,86.437,87.848,1,place,38.631,38.631,40.101,1,path,11.279,11.279,12.775,1,peace,7.74,7.74,8.901,1,place,9.516,19.878,23.464,6,center,6.842,7.671,9.45,2,path,5.854,5.854,7.539,1,labyrinth,good,Yes,Moderately familiar,nice
6.346,6.346,7.468,1,peace,5.277,5.277,6.185,1,center,5.096,5.096,5.9,1,peace,5.49,5.49,6.546,1,place,5.487,5.487,6.433,1,labyrinth,6.356,6.356,7.694,1,place,5.776,5.776,6.82,1,labyrinth,5.413,5.413,6.419,1,path,5.69,5.69,6.929,1,place,4.052,5.682,6.701,2,walk,5.874,5.874,6.761,1,feel,5.703,5.703,6.718,1,life,5.251,5.251,6.288,1,center,5.949,5.949,6.927,1,labyrinth,6.994,6.994,8.043,1,peace,5.758,5.758,6.531,1,peace,5.745,5.745,6.909,1,walk,4.884,4.884,5.989,1,center,5.62,5.62,6.645,1,center,11.594,11.594,12.657,1,place,6.051,6.051,7.203,1,path,5.99,5.99,7.029,1,feel,6.488,6.488,7.834,1,path,5.709,5.709,6.724,1,place,7.815,7.815,8.601,1,feel,7.133,7.133,8.173,1,path,5.962,5.962,7.06,1,place,5.105,6.074,6.672,2,walk,5.954,5.954,7.127,1,walk,5.723,5.723,6.732,1,center,4.99,4.99,6.084,1,peace,5.62,5.62,6.523,1,feel,10.096,10.096,11.319,1,life,6.181,6.181,7.152,1,path,6.042,6.042,6.968,1,life,7.991,7.991,8.978,1,labyrinth,5.326,5.326,6.448,1,labyrinth,5.469,5.469,6.088,1,god,5.453,5.453,6.512,1,feel,5.364,5.364,6.301,1,place,the imagess is vary nice,Yes,Very familiar,labyrinth
5.631,5.631,6.78,1,place,5.894,5.894,7.281,1,labyrinth,21.744,21.744,23.014,1,life,6.355,6.355,7.705,1,place,6.193,6.193,7.567,1,feel,5.748,7.448,8.68,2,walk,6.556,6.556,7.866,1,life,6.149,6.149,7.419,1,peace,8.359,13.463,14.708,3,"center,god",6.782,6.782,8.791,1,feel,1.613,9.593,10.942,4,place,6.577,6.577,8.646,1,path,6.11,6.11,7.1,1,peace,5.445,5.445,6.734,1,path,6.081,6.081,7.33,1,feel,17.558,17.558,18.64,1,life,7.771,7.771,8.522,1,center,6.194,6.194,7.603,1,god,7.187,12.247,13.336,4,"feel,center,life,peace",6.046,6.046,7.395,1,god,5.474,5.474,6.744,1,walk,9.574,51.215,52.505,7,"center,peace,god",6.028,6.028,7.382,1,god,1.818,17.539,18.447,6,life,5.879,5.879,7.089,1,center,21.901,21.901,22.97,1,walk,1.177,5.197,6.306,2,life,421.183,421.183,422.175,1,peace,7.571,9.592,11.74,2,"feel,god",7.499,7.499,9.268,1,feel,5.753,5.753,7.054,1,peace,7.061,7.061,9.008,1,path,5.961,5.961,7.343,1,labyrinth,5.842,5.842,7.037,1,path,6.829,6.829,7.937,1,place,5.795,5.795,7.225,1,peace,16.54,16.54,18.735,1,labyrinth,5.606,5.606,7.035,1,path,6.029,6.029,7.338,1,peace,5.611,5.611,6.851,1,feel,very like,Yes,Very familiar,A labyrinth is an ancient symbol that relates to wholeness.
5.795,5.795,6.719,1,labyrinth,7.781,7.781,8.882,1,labyrinth,7.97,7.97,11.645,1,labyrinth,6.61,6.61,8.484,1,labyrinth,7.43,9.485,10.738,3,labyrinth,11.68,11.68,12.764,1,place,6.052,6.052,7.049,1,labyrinth,12.001,12.297,13.252,2,labyrinth,5.85,7.362,8.66,2,"place,center",8.538,9.242,10.269,2,"center,labyrinth",5.9,5.9,6.928,1,center,10.659,10.659,11.727,1,labyrinth,9.814,13.646,14.545,2,"place,center",7.418,7.418,9.142,1,labyrinth,6.443,6.443,8.022,1,center,6.185,6.185,7.99,1,labyrinth,6.02,6.02,7.135,1,center,5.71,9.989,10.827,2,"walk,labyrinth",8.525,10.213,10.961,2,"place,center",6.83,6.83,7.737,1,labyrinth,6.356,6.356,7.252,1,labyrinth,9.622,9.622,10.545,1,walk,6.166,8.166,8.953,2,"walk,path",6.237,8.045,8.905,3,"walk,path",11.812,11.812,12.959,1,place,7.725,7.725,9.272,1,peace,10.071,10.071,11.163,1,place,9.54,9.54,11.064,1,walk,6.658,6.658,8.46,1,path,10.009,10.009,12.957,1,labyrinth,22.263,25.663,26.753,3,"walk,peace",9.601,9.601,10.668,1,walk,5.306,5.306,6.317,1,peace,13.3,14.292,15.527,2,labyrinth,8.128,8.128,10.547,1,path,5.442,7.314,8.381,2,"center,labyrinth",8.427,8.795,9.88,2,labyrinth,6.934,9.814,10.891,3,labyrinth,6.435,6.435,8.43,1,path,6.443,6.443,7.622,1,path,Buildings and parks.  I wondered if the images were rotated 90 degrees.,Yes,Very familiar,A maze.
6.42,6.42,7.049,1,place,5.811,5.811,6.665,1,feel,6.025,6.025,11.336,1,walk,7.066,7.066,8.054,1,path,8.58,9.373,19.556,2,feel,13.292,13.292,14.259,1,place,62.485,62.485,63.481,1,feel,25.383,25.383,26.444,1,life,8.889,8.889,9.735,1,god,11.243,11.243,12.238,1,path,12.763,12.763,13.913,1,place,18.652,18.652,20.197,1,center,7.453,7.453,8.763,1,life,5.46,5.46,6.698,1,feel,5.248,5.248,6.31,1,god,43.742,43.742,44.913,1,life,21.27,21.27,22.129,1,place,36.882,36.882,37.703,1,feel,16.909,16.909,18.072,1,feel,5.091,6.023,6.754,2,feel,5.747,5.747,6.85,1,peace,5.255,5.255,19.598,1,god,10.14,11.361,12.406,2,feel,15.366,15.366,16.54,1,life,40.216,40.216,40.78,1,feel,6.484,6.484,7.966,1,feel,5.641,5.641,6.619,1,place,6.345,6.345,7.262,1,life,20.739,20.739,21.966,1,center,172.654,172.654,173.354,1,peace,41.318,41.318,42.293,1,walk,17.609,17.609,18.431,1,center,10.309,10.309,10.994,1,labyrinth,51.231,51.231,52.079,1,life,2.002,6.299,7.924,3,center,34.29,35.068,39.88,2,god,6.086,6.086,6.825,1,walk,6.332,6.332,7.338,1,feel,14.399,14.399,15.287,1,walk,6.952,11.694,13.214,2,"feel,god",images is very nice,Yes,Very familiar,good
6.987,6.987,8.791,1,place,6.034,6.034,8.698,1,place,8.131,8.131,10.374,1,center,7.649,7.649,9.576,1,place,13.77,13.77,15.179,1,center,10.495,10.495,13.794,1,walk,10.311,10.311,12.292,1,center,13.446,15.046,17.223,2,"place,center",6.629,6.629,8.152,1,center,12.278,12.278,13.651,1,path,8.516,8.516,9.882,1,center,6.217,6.217,8.223,1,place,6.652,6.652,8.41,1,center,5.823,5.823,7.351,1,place,7.544,7.544,9.398,1,center,7.557,7.557,9.065,1,peace,15.255,15.255,17.393,1,center,6.975,6.975,8.481,1,place,7.284,7.284,8.98,1,place,8.456,8.456,9.763,1,place,6.226,6.226,7.899,1,center,16.201,16.201,17.952,1,center,3.713,15.081,16.678,4,place,9.029,9.029,11.15,1,path,7.788,7.788,9.611,1,center,8.747,8.747,10.76,1,place,0.155,14.729,17.034,3,labyrinth,11.716,11.716,15.332,1,walk,6.199,6.199,8.101,1,place,12.637,12.637,14.727,1,peace,6.49,6.49,9.341,1,walk,15.313,15.313,17.676,1,god,12.912,12.912,14.196,1,peace,6.578,6.578,8.223,1,path,18.396,21.202,23.672,2,place,1.124,13.161,15.429,2,center,8.198,8.198,9.879,1,place,6.773,6.773,8.385,1,place,8.413,8.413,10.001,1,life,16.226,16.226,17.723,1,feel,"good, ",Yes,Moderately familiar,same famous place
4.691,4.691,5.815,1,life,4.865,4.865,6.123,1,center,6.81,6.81,7.844,1,god,5.185,5.185,6.578,1,labyrinth,5.723,5.723,6.788,1,labyrinth,4.838,5.513,6.653,2,life,4.978,4.978,6.171,1,feel,5.224,5.224,6.482,1,place,5.612,5.612,7.223,1,life,5.84,5.84,6.731,1,labyrinth,5.23,5.23,7.169,1,labyrinth,4.454,4.454,5.881,1,labyrinth,4.813,7.46,10.48,4,peace,4.542,4.542,5.712,1,labyrinth,0.75,6.055,6.976,2,path,15.769,15.769,16.646,1,feel,109.215,109.215,110.641,1,labyrinth,5.787,5.787,6.855,1,center,7.537,7.537,8.612,1,labyrinth,5.066,6.005,7.32,2,god,4.916,4.916,6.11,1,walk,26.531,26.531,27.433,1,life,5.033,5.033,6.833,1,place,6.234,6.234,7.416,1,peace,4.914,4.914,6.01,1,peace,5.124,5.124,6.245,1,path,4.609,4.609,6.152,1,god,4.8,4.8,6.061,1,peace,11.476,11.476,12.677,1,labyrinth,4.79,5.978,6.426,2,path,4.492,4.492,5.984,1,feel,13.157,13.157,14.146,1,walk,4.9,4.9,5.985,1,peace,4.489,4.489,5.987,1,place,4.773,4.773,5.901,1,center,5.176,5.176,6.137,1,feel,5.085,5.085,6.21,1,place,14.757,14.757,16.018,1,peace,5.318,5.318,6.639,1,feel,5.172,5.172,6.157,1,feel,What these images were,Yes,Moderately familiar,A bird
7.96,7.96,8.798,1,feel,51.741,51.741,52.845,1,path,6.704,8.078,11.987,2,center,7.288,7.752,8.717,2,path,6.6,6.6,7.313,1,life,5.924,5.924,7.263,1,place,9.304,9.304,10.281,1,god,6.964,6.964,7.957,1,life,7.351,7.351,8.602,1,place,6.26,6.26,7.31,1,walk,10.25,10.25,11.617,1,feel,13.544,13.544,14.412,1,place,12.406,13.558,14.078,2,feel,13.015,13.015,14.043,1,center,45.895,45.895,47.08,1,life,7.868,7.868,8.837,1,center,42.423,42.423,43.621,1,peace,246.445,246.445,247.342,1,labyrinth,6.722,6.722,8.635,1,center,12.51,12.51,13.551,1,feel,9.712,10.601,11.275,2,path,6.253,7.265,8.105,2,place,13.179,13.179,14.429,1,path,7.028,7.028,9.085,1,walk,7.475,7.475,8.686,1,labyrinth,6.309,6.309,7.512,1,peace,6.164,6.164,7.453,1,center,9.607,9.607,10.849,1,life,7.816,7.816,9.687,1,god,7.177,7.177,8.541,1,walk,8.388,8.388,9.349,1,life,23.112,23.112,24.354,1,peace,65.804,65.804,66.991,1,path,7.688,7.688,8.874,1,life,102.484,103.722,104.251,2,god,6.765,6.765,7.749,1,god,5.578,5.578,6.609,1,feel,6.212,6.212,7.271,1,walk,6.754,6.754,8.135,1,place,8.374,8.374,9.625,1,life,Trying to see what I thought they were.,Yes,Moderately familiar,Labyrinth makes me think about a corridor and the dark. 
1.189,6.795,9.435,2,feel,2.009,8.11,10.576,2,feel,5.944,5.944,8.398,1,life,6.164,11.256,14.976,3,feel,9.647,9.647,12.712,1,place,6.05,6.05,8.535,1,place,6.439,8.36,9.174,2,place,5.85,5.85,8.335,1,feel,5.941,5.941,8.409,1,place,7.431,7.431,14.2,1,labyrinth,7.731,7.731,10.041,1,peace,6.694,6.694,8.451,1,path,3.042,6.861,9.222,2,center,6.313,6.313,8.7,1,feel,6.487,6.487,8.252,1,place,7.106,7.106,10.065,1,life,11.722,11.722,14.269,1,life,5.741,6.83,10.65,2,walk,6.744,12.34,14.999,3,peace,6.133,6.133,8.405,1,labyrinth,3.896,5.454,8.276,2,feel,17.817,17.817,20.777,1,center,3.139,6.631,8.683,2,place,6.467,6.467,8.817,1,peace,66.566,69.503,72.124,2,life,7.149,7.149,10.332,1,center,7.923,7.923,11.077,1,center,2.147,6.533,8.945,2,center,7.833,7.833,11.01,1,peace,6.223,6.223,9.027,1,place,9.825,9.825,12.958,1,path,13.423,13.423,16.063,1,path,7.796,7.796,11.176,1,life,2.419,4.146,10.823,2,place,6.645,6.645,10.727,1,labyrinth,8.166,8.166,10.694,1,walk,6.426,6.426,8.446,1,center,5.726,5.726,7.973,1,place,10.838,10.838,13.536,1,path,6.939,8.697,10.974,2,place,nice,Yes,Not familiar,like a chamber
6.664,6.664,8.198,1,walk,6.222,6.222,7.58,1,walk,1.49,6.301,8.14,2,life,6.368,6.368,8.373,1,place,5.924,5.924,7.667,1,place,8.433,8.433,10.201,1,god,12.178,12.178,13.601,1,life,7.167,7.167,8.457,1,center,9.814,17.012,18.544,2,place,1.477,5.859,7.469,3,labyrinth,1.544,6.05,7.588,2,life,6.5,6.5,7.941,1,path,6.319,6.319,7.9,1,walk,5.734,5.734,7.701,1,center,6.335,6.335,8.173,1,labyrinth,5.851,5.851,7.402,1,place,5.746,5.746,7.405,1,center,3.732,5.998,7.373,2,path,10.383,10.383,12.062,1,god,17.556,17.556,19.701,1,feel,1.401,10.547,19.881,3,"place,path",6.224,7.094,8.775,2,path,1.63,6.684,9.151,3,god,5.678,5.678,6.901,1,walk,6.547,6.547,8,1,life,2.659,4.528,6.7,2,walk,2.588,6.587,8.748,2,god,5.954,5.954,7.901,1,path,6.748,6.748,8.866,1,path,5.821,5.821,7.354,1,god,1.473,6.014,7.404,2,place,6.522,6.522,7.774,1,life,8.076,8.076,10.087,1,place,5.978,5.978,7.301,1,life,1.506,5.927,7.844,2,feel,9.07,9.07,11.2,1,peace,5.894,5.894,7.586,1,walk,6.55,6.55,7.792,1,peace,8.809,8.809,10.262,1,feel,5.868,5.868,7.6,1,place,no idea,Prefer not to answer,Prefer not to answer,no idea
1.549,6.125,6.9,4,god,7.663,7.663,9.234,1,place,16.438,16.438,17.72,1,labyrinth,2.561,32.683,37.13,3,feel,1.35,7.962,8.92,3,center,3.422,5.676,6.712,2,path,7.586,7.586,8.506,1,place,23.878,25.115,25.922,3,place,11.093,11.093,12.799,1,place,10.269,13.449,16.122,3,walk,3.658,15.548,16.363,6,life,5.659,8.42,9.612,3,center,6.76,11.236,12.837,2,feel,1.97,5.955,7.286,3,peace,7.395,7.395,8.643,1,peace,2.534,5.726,6.749,2,path,8.487,18.413,19.237,4,place,17.396,31.949,34.476,3,path,5.489,5.489,7.057,1,life,5.973,5.973,9.196,1,walk,3.552,8.184,10.55,2,god,7.479,7.479,8.694,1,labyrinth,6.095,6.095,7.583,1,life,13.14,13.14,14.392,1,peace,12.527,12.527,14.123,1,life,9.73,9.73,11.123,1,god,2.153,6.617,7.562,3,labyrinth,9.741,9.741,10.913,1,place,2.692,12.102,13.307,2,path,8.15,8.15,9.041,1,god,1.674,11.135,11.967,3,life,14.017,14.017,15.372,1,god,9.874,14.653,15.65,2,walk,7.245,7.245,10.356,1,god,6.795,6.795,7.781,1,god,8.635,9.409,10.308,2,life,1.762,5.916,7.163,3,place,12.211,12.211,13.515,1,place,5.738,6.456,9.506,2,walk,3.685,6.393,8.528,2,path,What they actually represent.,Yes,Moderately familiar,Something confusing or difficult to understand.
7.28,7.28,8.166,1,labyrinth,12.195,12.195,13.356,1,place,5.793,5.793,6.761,1,labyrinth,6.021,6.616,7.884,2,"center,path",5.411,5.411,6.16,1,labyrinth,6.214,12.835,13.501,2,"center,labyrinth",5.446,5.446,6.342,1,labyrinth,6.457,6.457,8.125,1,path,5.588,5.588,6.405,1,labyrinth,6.549,6.549,7.436,1,labyrinth,7.719,7.719,9.532,1,center,9.586,11.344,12.675,2,"place,labyrinth",5.529,5.529,6.441,1,labyrinth,7.264,7.264,8.249,1,place,6.163,6.163,7.833,1,labyrinth,10.255,10.255,12.424,1,peace,5.464,5.464,8.667,1,labyrinth,4.755,7.495,8.337,2,"center,path",7.337,9.365,10.621,2,"place,center",5.785,6.718,7.803,2,labyrinth,6.481,8.953,10.275,3,"walk,path,life",9.855,14.082,15.197,2,"life,peace",6.403,6.403,7.569,1,life,6.363,9.149,10.161,4,"center,life",13.624,16.442,17.225,3,life,6.183,7.25,8.423,2,"center,god",5.608,9.524,12.804,3,walk,14.015,14.015,14.866,1,feel,11.444,11.444,12.62,1,god,8.049,8.049,8.948,1,path,5.943,8.827,9.969,2,"life,peace",5.659,5.659,7.194,1,life,12.536,13.378,13.939,2,place,10.114,15.509,16.56,3,place,5.32,5.32,6.766,1,life,7.693,7.693,8.834,1,center,6.207,8.623,10.572,3,"walk,path,life",6.107,6.107,7.256,1,life,6.086,6.086,7.212,1,life,6.022,8.042,9.19,3,"walk,path,peace",Trying to discern what they depict. I was focused on that.,Yes,Very familiar,"A labyrinth is a large, confusing maze that takes considerable effort to navigate."
5.689,7.058,8.014,2,"place,center",5.992,9.378,10.335,3,"place,center,labyrinth",5.994,7.282,8.558,2,"place,center",8.792,9.88,11.628,2,"place,center",9.869,9.869,12.049,1,labyrinth,6.735,6.735,7.747,1,place,5.72,9.561,10.973,3,"place,center,labyrinth",5.916,5.916,7.04,1,place,6.277,7.181,8.21,2,"place,center",7.382,8.398,9.651,2,"place,center",5.503,9.176,12.39,3,"place,center,life",10.619,10.619,20.875,1,place,5.778,7.386,8.607,3,"place,center,labyrinth",5.863,8.702,9.707,3,"place,center,labyrinth",9.407,12.262,13.737,2,"place,labyrinth",10.929,10.929,12.669,1,feel,11.624,11.624,13.594,1,center,7.058,12.227,16.064,2,"place,center",7.54,7.54,8.41,1,place,9.237,9.237,10.018,1,path,5.581,6.381,7.169,2,"feel,peace",7.717,9.038,9.989,2,"feel,peace",6.637,9.59,10.891,2,"feel,peace",6.301,11.267,12.592,6,"place,feel,walk,path,life,peace",6.549,16.646,17.843,4,"place,peace",5.668,9.923,11.761,3,"feel,path,peace",7.151,12.248,13.082,2,"life,god",7.908,11.092,12.337,3,"feel,path,peace",6.195,7.249,7.912,2,"feel,life",7.233,11.785,13.238,5,"place,feel,peace",15.486,15.486,17.065,1,life,7.744,7.744,8.877,1,place,9.245,9.245,9.962,1,place,6.447,7.19,8.409,2,"place,peace",6.303,6.303,7.204,1,place,6.244,8.389,9.528,3,"place,center,life",7.574,10.804,12.019,4,"feel,path,life,peace",6.827,11.196,12.416,4,"place,feel,path,peace",7.169,8.45,9.303,2,"feel,life",6.836,6.836,8.961,1,path,nature and cities,Yes,Very familiar,"busy, tangled, puzzle-like, city, winding"
9.018,9.018,10.272,1,place,12.601,12.601,13.811,1,place,7.581,7.581,9.077,1,place,26.192,30.112,31.551,2,"place,center",20.162,20.162,23.046,1,labyrinth,6.689,6.689,7.987,1,place,6.921,6.921,8.423,1,labyrinth,15.047,15.047,16.085,1,center,41.469,41.469,44.029,1,life,18.673,18.673,20.38,1,labyrinth,14.67,18.677,20.175,2,"place,center",16.456,16.456,22.392,1,place,15.687,15.687,18.102,1,labyrinth,10.819,10.819,11.975,1,path,7.683,7.683,8.662,1,place,5.851,5.851,6.766,1,life,11.44,11.44,12.338,1,center,6.998,6.998,8.132,1,place,12.708,14.691,15.802,2,"place,life",13.646,13.646,15.46,1,life,6.757,8.839,11.489,4,peace,7.209,7.209,8.443,1,peace,7.325,7.325,11.865,1,peace,10.848,10.848,12.01,1,peace,5.319,5.319,6.294,1,peace,21.308,21.308,22.845,1,path,26.143,26.143,36.042,1,path,8.007,8.007,10.383,1,peace,45.62,48.833,50.749,2,peace,5.773,5.773,7.102,1,peace,8.496,10.022,11.113,2,"peace,god",8.326,8.326,9.53,1,god,7.248,7.248,8.638,1,peace,11.679,11.679,13.239,1,life,6.389,6.389,9.246,1,peace,0.01,12.724,15.074,2,peace,6.642,6.642,9.534,1,peace,6.893,6.893,7.933,1,peace,9.541,9.541,11.267,1,life,9.258,9.258,10.817,1,life,I was thinking that I was feeling irritated that I could not make out a majority of the images.,Yes,Moderately familiar,A maze from ancient times
5.724,5.724,7.534,1,center,7,7,8.445,1,place,5.465,5.465,7.171,1,labyrinth,7.996,7.996,9.62,1,place,7.062,7.062,9.163,1,place,5.518,5.518,6.544,1,god,6.126,6.126,7.359,1,place,5.534,7.245,8.724,2,"feel,peace",5.773,5.773,7.225,1,god,5.57,5.57,6.888,1,center,5.345,5.345,6.946,1,labyrinth,7.129,7.129,8.795,1,god,8.352,8.352,9.509,1,path,6.867,6.867,7.898,1,walk,6.191,6.191,7.406,1,labyrinth,33.982,33.982,39.477,1,life,7.171,7.171,8.178,1,place,7.345,7.345,9.127,1,walk,6.126,6.126,7.601,1,feel,40.411,156.671,158.723,5,labyrinth,6.441,6.441,7.746,1,walk,15.474,15.474,17.836,1,center,5.985,5.985,7.022,1,center,5.722,5.722,6.886,1,god,7.643,7.643,9.123,1,center,7.792,7.792,8.795,1,place,7.133,7.133,8.536,1,god,6.383,6.383,7.599,1,path,6.335,12.73,14.174,2,place,9.976,9.976,11.807,1,center,6.626,6.626,7.57,1,god,34.2,34.2,36.852,1,god,8.421,8.421,9.365,1,feel,6.771,11.069,11.882,3,place,5.434,5.434,6.697,1,god,6.209,6.209,7.053,1,life,5.272,5.272,6.966,1,feel,5.626,5.626,7.005,1,walk,5.734,8.909,10.106,3,center,6.156,12.978,14.211,2,peace,I TIS INTRESTING WHILE SEEING THIS ALL IMAGES,Yes,Moderately familiar,a place constructed of or full of intricate passageways and blind alleys a complex labyrinth of tunnels and chambers
5.981,5.981,7.154,1,peace,27.537,27.537,28.966,1,center,5.34,6.337,7.001,2,feel,6.12,6.12,7.876,1,place,5.455,5.455,6.568,1,center,5.413,5.413,6.525,1,center,304.702,304.702,307.008,1,labyrinth,6.642,8.381,10.697,2,place,5.929,5.929,7.16,1,path,0.828,7.723,9.14,4,walk,5.813,5.813,7.04,1,place,5.685,5.685,6.934,1,place,5.774,5.774,7.094,1,god,5.494,5.494,6.457,1,life,2.355,6.507,7.806,2,center,5.211,5.211,6.501,1,path,5.868,5.868,7.174,1,path,6.924,6.924,7.771,1,place,6.735,6.735,7.878,1,path,5.661,5.661,7.172,1,place,7.035,7.035,8.242,1,walk,7.563,7.563,9.307,1,feel,5.289,5.289,6.374,1,path,5.419,5.419,6.404,1,place,7.183,7.183,8.476,1,labyrinth,6.943,6.943,7.826,1,walk,6.112,6.112,7.258,1,god,5.991,5.991,7.157,1,peace,5.946,5.946,7.195,1,labyrinth,5.933,5.933,6.933,1,feel,5.949,5.949,6.95,1,labyrinth,5.74,5.74,6.667,1,center,6.152,6.152,8.081,1,god,5.718,5.718,7.355,1,feel,6.057,6.057,7.383,1,god,6.62,6.62,7.697,1,life,6.351,6.351,7.699,1,path,5.854,5.854,6.953,1,life,5.473,5.473,6.592,1,walk,6.774,7.691,8.185,2,labyrinth,nice,No,Moderately familiar,good
3.078,8.291,10.592,2,place,6.464,6.464,8.524,1,labyrinth,6.104,6.104,8.472,1,path,5.473,5.473,7.157,1,place,11.198,11.198,13.627,1,walk,5.584,5.584,8.051,1,life,2.525,5.528,7.388,2,path,5.133,5.133,7.386,1,labyrinth,5.151,5.151,7.743,1,place,6.295,6.295,9.014,1,place,6.486,6.486,8.689,1,path,2.083,5.833,7.825,2,labyrinth,7.805,7.805,9.909,1,center,5.75,5.75,7.489,1,feel,5.74,5.74,7.47,1,path,6.415,6.415,12.208,1,center,14.224,14.224,16.18,1,place,5.891,5.891,7.656,1,path,5.947,7.741,11.825,2,place,26.498,26.498,28.539,1,place,5.186,5.186,6.911,1,center,5.702,5.702,7.992,1,peace,6.687,6.687,8.591,1,peace,10.522,10.522,13.636,1,path,16.19,16.19,18.624,1,labyrinth,6.889,6.889,8.921,1,place,7.179,7.179,13.103,1,place,16.293,16.293,18.218,1,path,3.016,5.563,7.805,2,path,1.865,5.736,7.476,2,feel,2.455,6.265,8.411,2,walk,6.332,6.332,9.88,1,life,11.365,11.365,13.213,1,path,5.274,5.274,8.663,1,walk,20.654,20.654,22.598,1,walk,5.422,5.422,7.057,1,feel,5.559,5.559,8.857,1,life,6.679,6.679,8.557,1,god,8.812,8.812,11.003,1,god,5.812,5.812,7.566,1,life,The images are like negative one and difficult to identify.,No,Moderately familiar,Complicate irregular path.
10.444,10.444,11.227,1,path,7.746,7.746,8.779,1,peace,57.901,57.901,59.02,1,feel,8.531,9.059,9.74,2,"place,god",5.031,6.791,7.528,4,"life,labyrinth",4.661,4.661,5.678,1,peace,9.02,9.02,9.98,1,center,4.871,7.302,8.134,3,walk,9.865,10.714,11.443,2,walk,6.111,8.815,9.175,4,god,4.934,6.327,6.637,3,"center,god",4.866,7.025,7.338,4,feel,5.241,5.898,6.641,2,"feel,path",5.313,5.313,6.818,1,peace,4.775,4.775,6.199,1,peace,5.569,6.674,7.651,2,"path,peace",3.819,9.579,10.309,3,life,5.808,5.808,6.907,1,center,48.264,48.264,49.584,1,labyrinth,9.652,9.652,10.769,1,feel,4.674,4.674,5.539,1,path,4.938,5.553,6.589,2,"place,god",5.82,6.924,7.615,2,"feel,god",10.674,10.674,12.235,1,peace,5.547,5.547,8.204,1,place,5.069,5.837,6.63,2,peace,5.79,5.79,7.192,1,god,5.15,7.766,9.064,2,"path,labyrinth",5.02,5.02,6.399,1,place,6.228,6.228,7.252,1,center,3.477,4.493,5.75,2,place,8.745,9.377,10.057,2,"life,peace",8.866,14.41,14.962,3,"path,labyrinth",4.989,4.989,6.351,1,center,4.735,4.735,5.592,1,labyrinth,6.92,7.809,8.892,2,"peace,god",5.096,5.729,6.956,2,"life,peace",92.538,92.538,93.556,1,feel,62.567,63.303,64.24,2,"path,life",6.202,6.202,7.116,1,center,nature,Yes,Very familiar,fantasy
20.058,20.058,21.191,1,center,8.668,10.659,11.919,2,"place,walk",59.825,61.3,62.444,2,"feel,labyrinth",7.478,7.478,8.895,1,place,9.181,9.181,11.574,1,labyrinth,15.156,15.156,16.616,1,labyrinth,10.674,10.674,11.988,1,place,14.004,14.904,16.345,2,"place,labyrinth",18.015,29.074,29.679,6,"feel,center",19.33,19.33,20.598,1,life,11.876,11.876,12.854,1,center,14.082,14.082,15.307,1,labyrinth,31.97,31.97,33.454,1,labyrinth,8.356,8.356,14.003,1,god,6.65,7.696,9.461,3,"center,labyrinth",12.026,13.106,15.352,2,"center,life",8.084,8.084,9.633,1,labyrinth,10.06,12.456,13.546,2,"place,path",12.501,15.931,16.917,4,"center,walk,life,labyrinth",14.824,16.444,18.883,2,"place,center",11.596,11.596,12.765,1,labyrinth,16.991,16.991,18.552,1,god,13.027,13.027,14.701,1,peace,8.548,13.756,15.307,2,"feel,peace",17.704,19.122,24.07,2,feel,5.212,5.212,6.323,1,path,7.329,7.329,8.969,1,walk,7.086,12.429,13.477,2,"life,labyrinth",23.418,23.418,24.834,1,feel,11.399,12.434,14.39,2,"walk,path",13.019,15.539,16.369,3,"feel,center,god",10.734,10.734,12.148,1,god,12.058,12.058,13.026,1,peace,10.228,10.228,11.59,1,god,21.843,21.843,24.766,1,life,7.978,10.814,11.642,2,"center,labyrinth",13.293,13.293,14.529,1,center,8.045,10.25,11.216,2,"life,labyrinth",18.675,24.752,25.873,3,"center,life,god",22.019,22.019,25.988,1,path,could there be something hidden inside the image that i am not seeing,Yes,Moderately familiar,something complex and not straight 
5.272,5.272,6.154,1,labyrinth,6.056,6.96,7.895,3,"path,labyrinth",5.652,6.394,7.608,2,"path,labyrinth",5.82,8.109,8.461,2,center,4.856,5.234,6.603,2,labyrinth,6.417,7.071,8.539,3,path,6.216,7.25,7.805,2,labyrinth,10.351,10.351,11.022,1,center,9.662,10.511,11.514,2,life,5.466,5.466,6.227,1,path,6.148,6.148,8.633,1,place,5.774,5.774,6.884,1,labyrinth,6.538,6.538,10.413,1,place,5.633,6.803,7.73,2,"path,labyrinth",6.274,6.274,7.264,1,path,6.558,8.436,10.625,3,"place,peace",6.724,6.724,7.616,1,path,6.264,8.361,8.834,2,center,7.937,7.937,9.657,1,center,7.661,7.661,8.448,1,place,4.966,9.763,10.588,4,"path,labyrinth",6.912,6.912,7.744,1,labyrinth,6.566,8.285,8.95,2,"place,center",5.933,6.853,7.93,2,"center,path",5.422,5.422,6.342,1,center,5.615,7.554,8.654,3,"center,path",6.894,8.225,9.432,2,"center,path",7.161,8.195,9.691,2,"center,path",6.007,6.007,6.876,1,center,7.758,8.901,9.554,2,place,5.81,6.267,8.232,2,place,7.725,9.421,10.407,4,"place,walk,path",5.153,5.153,6.081,1,labyrinth,6.485,8.727,10.074,2,"path,labyrinth",6.065,6.065,7.018,1,path,5.486,5.486,6.454,1,center,6.876,7.421,8.238,2,path,7.732,7.732,9.917,1,labyrinth,5.928,7.523,8.403,2,"center,god",5.294,6.272,7.474,2,"walk,path",Imagining what the pictures were,Yes,Very familiar,"It is a maze with high walls, usually near a castle"
5.22,5.22,6.545,1,labyrinth,5.348,5.348,6.841,1,walk,5.287,5.287,5.977,1,labyrinth,4.856,4.856,5.507,1,place,5.911,5.911,7.236,1,labyrinth,8.494,11.12,12.006,3,"path,life,labyrinth",5.452,6.15,7.192,2,"path,labyrinth",7.173,8.111,8.503,2,path,7.927,8.985,9.408,2,path,5.67,10.585,12.042,3,"path,labyrinth",7.165,8.028,9.415,2,"path,labyrinth",6.708,7.614,8.499,2,place,5.21,6.26,6.643,2,labyrinth,5.057,5.057,5.815,1,place,5.088,5.088,6.01,1,place,4.931,4.931,6.726,1,path,4.801,4.801,5.651,1,place,6.961,6.961,8.382,1,place,4.711,5.505,5.882,2,place,7.213,9.478,10.256,3,"place,center",5.219,5.219,6.382,1,place,6.065,6.065,7.128,1,path,4.61,4.61,5.517,1,place,5.004,5.004,6.072,1,place,6.867,6.867,7.637,1,place,5.004,5.004,5.762,1,life,5.914,5.914,6.972,1,walk,5.129,5.129,6.275,1,place,5.572,5.572,6.551,1,walk,6.215,6.215,7.789,1,feel,5.282,6.428,7.254,2,life,4.713,4.713,6.712,1,life,6.022,6.022,7.095,1,center,5.434,5.434,6.325,1,place,5.683,5.683,6.702,1,place,6.799,6.799,7.713,1,place,6.394,6.394,7.044,1,place,5.973,5.973,6.987,1,place,5.082,5.082,5.705,1,place,7.011,7.011,7.838,1,path,Trying to make out what they were,Yes,Moderately familiar,A maze