Subject,UL01,UL02,UL03,UL04,UL05,UL06,UL07,UL08,UL09,UL10,UL11,UL12,UL13,UL14,UL15,UL16,UL17,UL18,UL19,UL20,NL01,NL02,NL03,NL04,NL05,NL06,NL07,NL08,NL09,NL10,NL11,NL12,NL13,NL14,NL15,NL16,NL17,NL18,NL19,NL20
Sub101,Art,Park,Art,Spiritual&LifeJourney,Art,World&Peace,Nature,Nature,Spiritual&LifeJourney,Art,Art,Spiritual&LifeJourney,Celebration,Art,World&Peace,Spiritual&LifeJourney,Spiritual&LifeJourney,Spiritual&LifeJourney,Art,World&Peace,Art,Nature,Nature,World&Peace,Life&Emotion,Nature,Spiritual&LifeJourney,World&Peace,Spiritual&LifeJourney,Nature,Art,Art,Nature,Nature,Art,World&Peace,Art,Art,Art,Time&Memories
Sub102,Spiritual&LifeJourney,Spiritual&LifeJourney,Time&Memories,Spiritual&LifeJourney,Spiritual&LifeJourney,Spiritual&LifeJourney,World&Peace,Spiritual&LifeJourney,Spiritual&LifeJourney,Spiritual&LifeJourney,Life&Emotion,Spiritual&LifeJourney,Spiritual&LifeJourney,Life&Emotion,Spiritual&LifeJourney,Spiritual&LifeJourney,Nature,Spiritual&LifeJourney,World&Peace,Spiritual&LifeJourney,Time&Memories,Nature,Spiritual&LifeJourney,Nature,World&Peace,Art,Spiritual&LifeJourney,Nature,Park,Spiritual&LifeJourney,Life&Emotion,Time&Memories,Nature,Nature,Nature,Art,Nature,Nature,Nature,Nature
Sub103,Spiritual&LifeJourney,Time&Memories,World&Peace,Life&Emotion,Life&Emotion,Time&Memories,Park,Art,Spiritual&LifeJourney,Time&Memories,Time&Memories,World&Peace,Time&Memories,Spiritual&LifeJourney,Park,Art,Time&Memories,Park,Spiritual&LifeJourney,Art,Park,Nature,Park,World&Peace,Celebration,Park,World&Peace,World&Peace,Park,World&Peace,Celebration,Family,Nature,Life&Emotion,Family,Spiritual&LifeJourney,Art,Life&Emotion,Nature,World&Peace
Sub104,Park,Religion,Art,Park,Art,Park,Celebration,Park,World&Peace,Park,Nature,Park,Celebration,Time&Memories,World&Peace,Time&Memories,Park,Art,Celebration,World&Peace,Spiritual&LifeJourney,World&Peace,Nature,Family,Art,Life&Emotion,Life&Emotion,World&Peace,World&Peace,Art,Religion,Park,Art,Nature,Religion,World&Peace,Nature,Celebration,Life&Emotion,Nature
Sub105,Life&Emotion,World&Peace,Park,Spiritual&LifeJourney,Religion,Art,Art,Spiritual&LifeJourney,World&Peace,Park,Religion,Art,Park,Park,Park,Park,Family,Family,Nature,Art,World&Peace,World&Peace,Celebration,Celebration,Nature,World&Peace,Nature,Family,Park,World&Peace,Spiritual&LifeJourney,Art,Nature,Nature,Family,Nature,Spiritual&LifeJourney,Nature,Art,Celebration
Sub106,Nature,Park,Spiritual&LifeJourney,Religion,Life&Emotion,Art,Spiritual&LifeJourney,Life&Emotion,Art,Park,Celebration,Time&Memories,Celebration,Spiritual&LifeJourney,World&Peace,Nature,World&Peace,Life&Emotion,Celebration,Time&Memories,Art,Park,Time&Memories,Nature,Time&Memories,Religion,World&Peace,Spiritual&LifeJourney,Life&Emotion,Family,Art,Family,Time&Memories,Time&Memories,Nature,Life&Emotion,Nature,Spiritual&LifeJourney,Art,Celebration
Sub107,Family,Life&Emotion,Life&Emotion,Religion,Time&Memories,Spiritual&LifeJourney,World&Peace,Religion,Celebration,Art,Nature,Celebration,Art,Life&Emotion,Park,Time&Memories,Art,Nature,Life&Emotion,Life&Emotion,Celebration,Spiritual&LifeJourney,Art,Religion,Art,Life&Emotion,Time&Memories,Celebration,Nature,World&Peace,Religion,Art,Life&Emotion,Park,World&Peace,Life&Emotion,Life&Emotion,World&Peace,Nature,Art
Sub108,Park,Life&Emotion,Spiritual&LifeJourney,Park,Spiritual&LifeJourney,Celebration,Art,Park,Spiritual&LifeJourney,World&Peace,Spiritual&LifeJourney,Time&Memories,Park,Life&Emotion,Park,Park,Spiritual&LifeJourney,World&Peace,Life&Emotion,Life&Emotion,Spiritual&LifeJourney,World&Peace,Family,Nature,Celebration,World&Peace,Religion,Family,Nature,Art,Nature,Religion,World&Peace,Religion,Nature,Art,Celebration,Park,Religion,Life&Emotion
Sub109,Spiritual&LifeJourney,Celebration,Celebration,Celebration,Spiritual&LifeJourney,Celebration,Spiritual&LifeJourney,Park,World&Peace,Celebration,Celebration,World&Peace,Celebration,Celebration,Spiritual&LifeJourney,Nature,Spiritual&LifeJourney,Nature,Celebration,Religion,Nature,Nature,Park,Art,Nature,Nature,Nature,Nature,Nature,Park,Park,Nature,Park,Park,Time&Memories,Celebration,Nature,Religion,Religion,Nature
Sub110,World&Peace,Nature,Nature,Nature,Time&Memories,Spiritual&LifeJourney,Park,Spiritual&LifeJourney,Time&Memories,World&Peace,Time&Memories,Celebration,Time&Memories,Nature,Celebration,World&Peace,Time&Memories,Celebration,Park,Spiritual&LifeJourney,Spiritual&LifeJourney,Time&Memories,Celebration,World&Peace,Celebration,Spiritual&LifeJourney,Nature,Nature,Nature,Nature,Nature,Nature,Celebration,Nature,Spiritual&LifeJourney,Park,Spiritual&LifeJourney,Spiritual&LifeJourney,Nature,Nature
Sub111,Spiritual&LifeJourney,Park,Time&Memories,World&Peace,Nature,Celebration,World&Peace,Spiritual&LifeJourney,Spiritual&LifeJourney,Park,World&Peace,Celebration,Spiritual&LifeJourney,Time&Memories,Time&Memories,Park,Spiritual&LifeJourney,Spiritual&LifeJourney,Spiritual&LifeJourney,Celebration,World&Peace,Celebration,Spiritual&LifeJourney,Nature,Celebration,Nature,Nature,Nature,Nature,Nature,Nature,Nature,World&Peace,Nature,Nature,Park,Park,Nature,Park,Nature
Sub112,Nature,Religion,World&Peace,Time&Memories,Religion,Celebration,Spiritual&LifeJourney,Spiritual&LifeJourney,Time&Memories,Spiritual&LifeJourney,Time&Memories,Celebration,Religion,Nature,Time&Memories,World&Peace,Family,Nature,Spiritual&LifeJourney,Life&Emotion,Religion,Time&Memories,Celebration,Religion,World&Peace,Spiritual&LifeJourney,Nature,Art,Park,Nature,Religion,Life&Emotion,Park,World&Peace,Religion,Celebration,Nature,Nature,Art,World&Peace
Sub113,Religion,Nature,Nature,Art,Life&Emotion,Life&Emotion,Nature,Nature,Time&Memories,World&Peace,Art,Art,Life&Emotion,Religion,Time&Memories,Spiritual&LifeJourney,Time&Memories,Life&Emotion,World&Peace,Park,Family,Art,Spiritual&LifeJourney,Art,Family,Religion,Religion,Family,Park,Life&Emotion,Religion,Art,Life&Emotion,Religion,Religion,Art,Nature,World&Peace,World&Peace,Time&Memories
Sub114,Spiritual&LifeJourney,Spiritual&LifeJourney,Spiritual&LifeJourney,Family,Spiritual&LifeJourney,Park,World&Peace,Family,Celebration,Family,World&Peace,Religion,Life&Emotion,Life&Emotion,Religion,Family,Celebration,Time&Memories,World&Peace,Art,Spiritual&LifeJourney,Spiritual&LifeJourney,Life&Emotion,Park,Religion,Art,Art,Time&Memories,World&Peace,Family,World&Peace,Art,Nature,Art,Religion,Religion,World&Peace,Life&Emotion,Art,Nature
Sub115,Life&Emotion,Park,Spiritual&LifeJourney,Celebration,Family,Park,Art,Nature,Park,World&Peace,Religion,Art,World&Peace,Park,Time&Memories,Art,Life&Emotion,Time&Memories,Life&Emotion,Celebration,Life&Emotion,Nature,Religion,Nature,Nature,Park,Religion,Celebration,Spiritual&LifeJourney,World&Peace,Religion,Nature,Spiritual&LifeJourney,Park,Art,Time&Memories,Spiritual&LifeJourney,Celebration,Art,Nature
Sub116,Celebration,Celebration,Time&Memories,Time&Memories,Time&Memories,Family,Celebration,Time&Memories,World&Peace,Nature,Time&Memories,Art,Art,World&Peace,Park,Time&Memories,Spiritual&LifeJourney,Nature,Spiritual&LifeJourney,Time&Memories,Religion,Time&Memories,Family,Life&Emotion,Nature,Time&Memories,Art,World&Peace,Nature,Art,Art,World&Peace,Religion,World&Peace,Art,Spiritual&LifeJourney,Spiritual&LifeJourney,Nature,Spiritual&LifeJourney,Celebration
Sub117,Life&Emotion,World&Peace,Spiritual&LifeJourney,Park,Park,Park,Art,Nature,Spiritual&LifeJourney,Park,Art,Spiritual&LifeJourney,Time&Memories,World&Peace,Life&Emotion,Nature,Park,Nature,Time&Memories,Spiritual&LifeJourney,Nature,World&Peace,Park,World&Peace,Nature,Park,Nature,Nature,Nature,Spiritual&LifeJourney,Art,Family,Art,Spiritual&LifeJourney,Nature,World&Peace,Nature,World&Peace,World&Peace,Art
Sub118,Spiritual&LifeJourney,Park,Celebration,Art,Celebration,Family,Spiritual&LifeJourney,Nature,World&Peace,Time&Memories,World&Peace,Art,Religion,Celebration,Time&Memories,Time&Memories,Art,Celebration,Spiritual&LifeJourney,Spiritual&LifeJourney,Life&Emotion,Nature,Life&Emotion,World&Peace,Life&Emotion,Family,Time&Memories,Nature,World&Peace,Religion,World&Peace,Art,Nature,Park,Family,Park,Religion,World&Peace,World&Peace,Religion
Sub119,Life&Emotion,Nature,Time&Memories,Park,Life&Emotion,Time&Memories,World&Peace,Nature,Park,Nature,Nature,Art,Celebration,Art,Time&Memories,World&Peace,Park,Spiritual&LifeJourney,Family,Celebration,Religion,Spiritual&LifeJourney,World&Peace,Nature,Spiritual&LifeJourney,Park,Nature,World&Peace,Life&Emotion,World&Peace,Nature,Life&Emotion,Nature,Time&Memories,World&Peace,Park,Time&Memories,Park,Spiritual&LifeJourney,Nature
Sub120,Spiritual&LifeJourney,Family,Spiritual&LifeJourney,Celebration,Art,Celebration,Celebration,Nature,World&Peace,Spiritual&LifeJourney,World&Peace,World&Peace,Park,World&Peace,Celebration,Nature,Celebration,World&Peace,Nature,World&Peace,Nature,Park,Nature,Nature,Nature,Nature,Art,Park,Nature,Park,Nature,Park,Art,Nature,Nature,Park,Life&Emotion,Nature,Nature,Nature
Sub121,Spiritual&LifeJourney,Park,Art,Art,Time&Memories,Celebration,Spiritual&LifeJourney,Spiritual&LifeJourney,Nature,Park,World&Peace,Nature,Celebration,Park,Time&Memories,Celebration,Park,Park,Spiritual&LifeJourney,Celebration,Spiritual&LifeJourney,Park,Nature,Park,Nature,Celebration,Park,Nature,Park,Time&Memories,World&Peace,Park,Park,Nature,Nature,Nature,Art,Spiritual&LifeJourney,Nature,Park
Sub122,Time&Memories,Family,Art,Celebration,World&Peace,Spiritual&LifeJourney,Celebration,Family,Family,Spiritual&LifeJourney,World&Peace,Art,Spiritual&LifeJourney,Time&Memories,Park,Celebration,Family,World&Peace,Spiritual&LifeJourney,Family,Nature,World&Peace,Spiritual&LifeJourney,Time&Memories,Park,Park,Time&Memories,Art,Time&Memories,Park,Life&Emotion,Park,Nature,Life&Emotion,Nature,Spiritual&LifeJourney,Celebration,Celebration,Art,Time&Memories
Sub123,Nature,Art,Spiritual&LifeJourney,Nature,Spiritual&LifeJourney,Time&Memories,Spiritual&LifeJourney,Spiritual&LifeJourney,Spiritual&LifeJourney,Spiritual&LifeJourney,Spiritual&LifeJourney,Nature,Art,Spiritual&LifeJourney,Time&Memories,Art,Art,Art,Spiritual&LifeJourney,Spiritual&LifeJourney,Nature,Art,Art,World&Peace,Nature,Art,Spiritual&LifeJourney,Time&Memories,Art,Art,World&Peace,World&Peace,Nature,Nature,Art,Spiritual&LifeJourney,World&Peace,World&Peace,Art,Nature
Sub124,Time&Memories,Nature,Time&Memories,Park,Celebration,Spiritual&LifeJourney,Life&Emotion,Spiritual&LifeJourney,Spiritual&LifeJourney,Time&Memories,Time&Memories,Spiritual&LifeJourney,Spiritual&LifeJourney,Park,Spiritual&LifeJourney,Park,Life&Emotion,World&Peace,Spiritual&LifeJourney,Celebration,Nature,Nature,Nature,Nature,Family,Nature,World&Peace,World&Peace,World&Peace,Park,Life&Emotion,World&Peace,Nature,Life&Emotion,Park,Family,Time&Memories,Nature,Park,Nature
Sub125,Celebration,Park,Nature,World&Peace,Art,Celebration,Park,Family,Life&Emotion,Time&Memories,Celebration,Art,Art,Art,Art,Celebration,Celebration,Park,Time&Memories,Spiritual&LifeJourney,Park,Park,Nature,Family,Park,Life&Emotion,Life&Emotion,Life&Emotion,Nature,Religion,Family,Spiritual&LifeJourney,Nature,Nature,Religion,Nature,Celebration,Art,World&Peace,Art
Sub126,Art,Spiritual&LifeJourney,Celebration,Park,Time&Memories,Time&Memories,Nature,Life&Emotion,Religion,Spiritual&LifeJourney,Celebration,Spiritual&LifeJourney,Celebration,Celebration,Park,Spiritual&LifeJourney,Nature,Time&Memories,Time&Memories,Time&Memories,Spiritual&LifeJourney,Time&Memories,Nature,Nature,Time&Memories,World&Peace,Time&Memories,Celebration,Time&Memories,World&Peace,Nature,Nature,Spiritual&LifeJourney,Art,Park,Art,Spiritual&LifeJourney,Celebration,Spiritual&LifeJourney,Celebration
Sub127,Spiritual&LifeJourney,Spiritual&LifeJourney,Nature,Nature,World&Peace,Spiritual&LifeJourney,Time&Memories,Spiritual&LifeJourney,Art,Spiritual&LifeJourney,Time&Memories,Spiritual&LifeJourney,Art,Time&Memories,Time&Memories,Spiritual&LifeJourney,Spiritual&LifeJourney,Time&Memories,Spiritual&LifeJourney,Spiritual&LifeJourney,Time&Memories,Spiritual&LifeJourney,Park,Nature,Park,Nature,Time&Memories,Nature,Time&Memories,Art,Nature,Nature,Time&Memories,Art,Nature,Nature,Art,Nature,Park,Nature
Sub128,World&Peace,Nature,Park,Art,Celebration,World&Peace,Celebration,Spiritual&LifeJourney,World&Peace,World&Peace,World&Peace,World&Peace,Life&Emotion,Spiritual&LifeJourney,World&Peace,Art,Life&Emotion,Nature,Park,World&Peace,Family,Nature,Religion,Celebration,Nature,Nature,Art,Spiritual&LifeJourney,Nature,World&Peace,Family,Religion,Spiritual&LifeJourney,Park,Life&Emotion,Celebration,Celebration,Religion,Religion,Life&Emotion
Sub129,World&Peace,World&Peace,Time&Memories,Time&Memories,Spiritual&LifeJourney,Family,Spiritual&LifeJourney,Spiritual&LifeJourney,Nature,Time&Memories,Time&Memories,Spiritual&LifeJourney,Spiritual&LifeJourney,Park,Art,Religion,Religion,Life&Emotion,Spiritual&LifeJourney,Time&Memories,Celebration,Nature,Nature,Park,World&Peace,Celebration,Celebration,World&Peace,World&Peace,Religion,Art,Art,Celebration,World&Peace,Nature,Religion,Spiritual&LifeJourney,Nature,Religion,Art
Sub130,World&Peace,Art,Time&Memories,Life&Emotion,Spiritual&LifeJourney,Life&Emotion,Celebration,Spiritual&LifeJourney,Art,Time&Memories,Family,Time&Memories,Spiritual&LifeJourney,Celebration,Life&Emotion,Religion,World&Peace,Nature,Art,Celebration,Celebration,Park,Park,Life&Emotion,Nature,Family,Celebration,Park,Life&Emotion,Park,Art,Nature,Nature,Nature,Park,Religion,Nature,Celebration,Family,Nature
Sub131,Art,Nature,Art,Art,Art,World&Peace,Art,Art,Religion,Religion,Life&Emotion,Life&Emotion,Religion,Religion,World&Peace,Life&Emotion,Art,Art,Religion,Time&Memories,Nature,World&Peace,Art,Art,World&Peace,Life&Emotion,Time&Memories,Time&Memories,Life&Emotion,Nature,Life&Emotion,Life&Emotion,Art,Nature,Life&Emotion,Religion,Art,Art,Art,Art
Sub132,Time&Memories,Time&Memories,Spiritual&LifeJourney,Time&Memories,Time&Memories,Time&Memories,Time&Memories,Spiritual&LifeJourney,Time&Memories,Time&Memories,Time&Memories,Time&Memories,Park,Park,Time&Memories,Spiritual&LifeJourney,Spiritual&LifeJourney,Time&Memories,Time&Memories,Spiritual&LifeJourney,Time&Memories,Park,Time&Memories,Park,Park,Time&Memories,Spiritual&LifeJourney,Time&Memories,Park,Spiritual&LifeJourney,Nature,Spiritual&LifeJourney,Time&Memories,Time&Memories,Time&Memories,Time&Memories,Spiritual&LifeJourney,Time&Memories,Spiritual&LifeJourney,Spiritual&LifeJourney
Sub133,Time&Memories,Life&Emotion,Park,Park,Time&Memories,Spiritual&LifeJourney,Celebration,Celebration,Religion,Family,Religion,Art,Time&Memories,Celebration,Family,World&Peace,Art,Family,Spiritual&LifeJourney,World&Peace,Celebration,Art,Religion,Art,Spiritual&LifeJourney,Celebration,Art,Life&Emotion,Religion,Life&Emotion,Time&Memories,Religion,Religion,Life&Emotion,Spiritual&LifeJourney,Park,World&Peace,Park,Family,Park
Sub134,Life&Emotion,Park,World&Peace,World&Peace,Celebration,Celebration,Celebration,Nature,World&Peace,Celebration,Celebration,Celebration,World&Peace,Park,Celebration,World&Peace,Nature,Nature,Life&Emotion,Park,Park,Park,Park,Park,Celebration,Park,Nature,Nature,Celebration,Park,World&Peace,Nature,Celebration,World&Peace,Nature,Life&Emotion,Nature,Park,Park,Nature
Sub135,Life&Emotion,Nature,World&Peace,World&Peace,Park,Art,Religion,Nature,World&Peace,World&Peace,Park,World&Peace,Time&Memories,Art,Time&Memories,World&Peace,World&Peace,Religion,World&Peace,Nature,World&Peace,Nature,Nature,World&Peace,Spiritual&LifeJourney,Religion,Art,Life&Emotion,Spiritual&LifeJourney,Religion,Park,World&Peace,Life&Emotion,Celebration,Art,Nature,Nature,Time&Memories,Nature,Nature
Sub136,Life&Emotion,Celebration,World&Peace,Art,Religion,Nature,Religion,Art,Nature,Celebration,Family,Nature,Nature,Family,Time&Memories,Art,Celebration,World&Peace,World&Peace,Nature,Nature,World&Peace,Art,Religion,Nature,World&Peace,Religion,Spiritual&LifeJourney,Spiritual&LifeJourney,Religion,Celebration,Life&Emotion,Religion,World&Peace,Religion,World&Peace,World&Peace,Nature,World&Peace,Nature
Sub137,World&Peace,Time&Memories,World&Peace,World&Peace,Spiritual&LifeJourney,Nature,Spiritual&LifeJourney,World&Peace,World&Peace,World&Peace,Time&Memories,World&Peace,World&Peace,World&Peace,World&Peace,Celebration,World&Peace,World&Peace,World&Peace,World&Peace,Celebration,Time&Memories,Nature,Nature,Celebration,Nature,Nature,Time&Memories,Nature,Nature,Time&Memories,Nature,Nature,Time&Memories,Spiritual&LifeJourney,Nature,Spiritual&LifeJourney,Time&Memories,Spiritual&LifeJourney,Nature
Sub138,Spiritual&LifeJourney,World&Peace,Art,Celebration,Celebration,Park,Spiritual&LifeJourney,Spiritual&LifeJourney,Time&Memories,Time&Memories,Spiritual&LifeJourney,Time&Memories,Art,Art,Art,Time&Memories,Park,Spiritual&LifeJourney,World&Peace,Art,Life&Emotion,Park,Nature,Nature,Life&Emotion,Nature,Family,Life&Emotion,Life&Emotion,Nature,Park,World&Peace,Nature,Family,Family,Life&Emotion,Park,Art,Nature,Family
Sub139,Celebration,Life&Emotion,World&Peace,Religion,Religion,Life&Emotion,Spiritual&LifeJourney,Art,World&Peace,Park,Spiritual&LifeJourney,Art,Life&Emotion,Art,Spiritual&LifeJourney,Religion,Life&Emotion,Celebration,Time&Memories,Celebration,World&Peace,Life&Emotion,Nature,Nature,Family,Religion,Park,Art,World&Peace,World&Peace,Spiritual&LifeJourney,Life&Emotion,Nature,Life&Emotion,Life&Emotion,Celebration,Time&Memories,Nature,World&Peace,Time&Memories
Sub140,Nature,World&Peace,Celebration,Nature,Art,Time&Memories,Time&Memories,Time&Memories,Time&Memories,Time&Memories,Time&Memories,World&Peace,World&Peace,Time&Memories,World&Peace,World&Peace,Park,Nature,Life&Emotion,Time&Memories,World&Peace,Nature,Nature,Nature,World&Peace,Nature,Nature,Nature,Nature,Nature,Celebration,Park,Time&Memories,Park,Nature,Park,Park,Park,Nature,Park
Sub141,Spiritual&LifeJourney,Celebration,Time&Memories,Park,World&Peace,Celebration,Spiritual&LifeJourney,Spiritual&LifeJourney,Art,World&Peace,Art,Nature,Religion,Celebration,Art,Time&Memories,Spiritual&LifeJourney,Time&Memories,Time&Memories,Art,Family,Park,Park,World&Peace,Life&Emotion,Nature,Religion,Celebration,Spiritual&LifeJourney,Celebration,Religion,Family,Nature,Religion,Art,Park,Life&Emotion,Celebration,Life&Emotion,Nature
Sub142,Art,World&Peace,Life&Emotion,Religion,Life&Emotion,World&Peace,Life&Emotion,Celebration,Religion,Spiritual&LifeJourney,Time&Memories,World&Peace,Time&Memories,World&Peace,Art,Religion,Time&Memories,Celebration,Nature,Park,Nature,World&Peace,World&Peace,Nature,Spiritual&LifeJourney,World&Peace,Art,Art,Art,Art,Park,Art,Park,Park,Life&Emotion,Celebration,Religion,Art,Nature,Life&Emotion
Sub143,Celebration,Nature,Park,Celebration,World&Peace,Spiritual&LifeJourney,Spiritual&LifeJourney,Spiritual&LifeJourney,Spiritual&LifeJourney,World&Peace,Spiritual&LifeJourney,Celebration,World&Peace,World&Peace,Time&Memories,Time&Memories,Time&Memories,Time&Memories,Time&Memories,Celebration,Time&Memories,World&Peace,Time&Memories,Park,Celebration,Nature,World&Peace,Life&Emotion,Nature,Time&Memories,Nature,World&Peace,Park,Celebration,Time&Memories,Spiritual&LifeJourney,World&Peace,Park,Park,World&Peace
Sub144,Time&Memories,Time&Memories,Time&Memories,Family,Time&Memories,Time&Memories,World&Peace,Time&Memories,Celebration,Time&Memories,Life&Emotion,Park,Nature,Nature,Time&Memories,Life&Emotion,Art,Nature,Life&Emotion,Art,Life&Emotion,Time&Memories,World&Peace,Life&Emotion,Life&Emotion,Nature,Celebration,Time&Memories,Nature,Time&Memories,Religion,Art,Nature,Art,Time&Memories,Time&Memories,Time&Memories,Nature,Time&Memories,Art
Sub145,Park,Park,World&Peace,Celebration,Time&Memories,Family,World&Peace,Celebration,Religion,Park,Life&Emotion,World&Peace,Family,Time&Memories,Art,Spiritual&LifeJourney,World&Peace,Park,Celebration,Spiritual&LifeJourney,Nature,Park,Nature,Life&Emotion,Park,Art,Time&Memories,Nature,Park,World&Peace,Religion,Park,World&Peace,Life&Emotion,Religion,Family,Celebration,Family,Art,Nature
Sub146,Park,Spiritual&LifeJourney,Nature,Nature,Spiritual&LifeJourney,Religion,Nature,Celebration,Time&Memories,Park,World&Peace,Time&Memories,Park,Celebration,Celebration,Life&Emotion,World&Peace,Park,Life&Emotion,Religion,Nature,Life&Emotion,Spiritual&LifeJourney,Time&Memories,Life&Emotion,Nature,World&Peace,World&Peace,Life&Emotion,Celebration,Family,Life&Emotion,Life&Emotion,Life&Emotion,World&Peace,Spiritual&LifeJourney,Time&Memories,Nature,Celebration,Spiritual&LifeJourney
Sub147,Life&Emotion,Park,Park,World&Peace,World&Peace,Life&Emotion,World&Peace,Life&Emotion,Life&Emotion,Art,World&Peace,Time&Memories,Religion,Religion,Religion,Art,World&Peace,Spiritual&LifeJourney,Religion,Park,Art,Life&Emotion,World&Peace,Art,Art,Time&Memories,Life&Emotion,Celebration,World&Peace,Spiritual&LifeJourney,Art,Family,Art,Art,Religion,World&Peace,Religion,Art,Nature,World&Peace
Sub148,Religion,Nature,World&Peace,Art,Life&Emotion,Nature,Art,Spiritual&LifeJourney,Park,Religion,Life&Emotion,Time&Memories,Art,Life&Emotion,Park,Life&Emotion,Art,Nature,Art,Life&Emotion,Celebration,Art,Nature,World&Peace,Celebration,Life&Emotion,World&Peace,Park,World&Peace,Spiritual&LifeJourney,Park,Park,Spiritual&LifeJourney,Art,World&Peace,World&Peace,World&Peace,Nature,Nature,Park
Sub149,Nature,Nature,Art,Time&Memories,Time&Memories,Nature,Nature,Time&Memories,Nature,Art,Art,Nature,Time&Memories,Park,Time&Memories,Time&Memories,Nature,Art,Art,Spiritual&LifeJourney,Art,Nature,Time&Memories,Nature,Nature,Spiritual&LifeJourney,Nature,Spiritual&LifeJourney,Nature,Nature,Time&Memories,Nature,Nature,Art,Nature,Nature,Nature,Religion,Life&Emotion,Time&Memories
Sub150,Art,Time&Memories,Life&Emotion,Religion,Religion,Spiritual&LifeJourney,Art,Celebration,Art,Time&Memories,Spiritual&LifeJourney,Celebration,Religion,Art,Celebration,Park,World&Peace,Time&Memories,Time&Memories,Time&Memories,Time&Memories,Religion,Park,Park,Religion,Nature,Park,Spiritual&LifeJourney,Family,Nature,Family,Nature,Park,Nature,Nature,Religion,World&Peace,World&Peace,Nature,Life&Emotion
Sub151,Life&Emotion,Nature,World&Peace,Religion,World&Peace,Family,Religion,Nature,Spiritual&LifeJourney,Celebration,Art,Celebration,Park,Nature,Park,Nature,World&Peace,Celebration,World&Peace,World&Peace,Celebration,World&Peace,Religion,Nature,Nature,Park,Religion,Art,World&Peace,World&Peace,Nature,Spiritual&LifeJourney,Nature,Time&Memories,Life&Emotion,Life&Emotion,Nature,Art,Spiritual&LifeJourney,Nature
Sub152,World&Peace,Life&Emotion,Art,World&Peace,Park,World&Peace,Art,World&Peace,World&Peace,Time&Memories,Park,Art,Spiritual&LifeJourney,Spiritual&LifeJourney,Park,Spiritual&LifeJourney,Art,World&Peace,World&Peace,World&Peace,Park,Park,Family,Art,Park,Religion,Spiritual&LifeJourney,Art,Park,Nature,Art,Park,Time&Memories,Park,World&Peace,Art,Park,Spiritual&LifeJourney,World&Peace,Art
Sub153,Spiritual&LifeJourney,Spiritual&LifeJourney,Spiritual&LifeJourney,Spiritual&LifeJourney,Spiritual&LifeJourney,Spiritual&LifeJourney,Spiritual&LifeJourney,Spiritual&LifeJourney,Spiritual&LifeJourney,Spiritual&LifeJourney,Spiritual&LifeJourney,Spiritual&LifeJourney,Spiritual&LifeJourney,Spiritual&LifeJourney,Spiritual&LifeJourney,Spiritual&LifeJourney,Spiritual&LifeJourney,Spiritual&LifeJourney,Spiritual&LifeJourney,Spiritual&LifeJourney,Spiritual&LifeJourney,Spiritual&LifeJourney,Spiritual&LifeJourney,Spiritual&LifeJourney,Spiritual&LifeJourney,Spiritual&LifeJourney,Spiritual&LifeJourney,Spiritual&LifeJourney,Spiritual&LifeJourney,Spiritual&LifeJourney,Spiritual&LifeJourney,Spiritual&LifeJourney,Spiritual&LifeJourney,Spiritual&LifeJourney,Spiritual&LifeJourney,Spiritual&LifeJourney,Spiritual&LifeJourney,Spiritual&LifeJourney,Spiritual&LifeJourney,Spiritual&LifeJourney
Sub154,Religion,Life&Emotion,Park,Celebration,Life&Emotion,Life&Emotion,Time&Memories,Time&Memories,Park,Spiritual&LifeJourney,Spiritual&LifeJourney,Time&Memories,Celebration,World&Peace,Time&Memories,Time&Memories,Nature,Celebration,Life&Emotion,Park,Life&Emotion,Nature,Nature,Nature,Life&Emotion,Nature,Life&Emotion,Family,Life&Emotion,Art,Nature,World&Peace,Nature,Life&Emotion,World&Peace,Religion,Nature,Art,Religion,Spiritual&LifeJourney
Sub155,Time&Memories,Celebration,Family,World&Peace,Park,Park,Spiritual&LifeJourney,Spiritual&LifeJourney,Family,Spiritual&LifeJourney,Celebration,Nature,Art,World&Peace,Nature,Park,Time&Memories,Celebration,Time&Memories,Spiritual&LifeJourney,Park,Celebration,Life&Emotion,Nature,Art,World&Peace,Religion,Religion,Religion,World&Peace,Park,Nature,Spiritual&LifeJourney,Religion,Family,World&Peace,Religion,Life&Emotion,Nature,Celebration
Sub156,Spiritual&LifeJourney,Park,Celebration,World&Peace,Celebration,World&Peace,Celebration,World&Peace,Spiritual&LifeJourney,Spiritual&LifeJourney,Nature,Religion,Time&Memories,Art,Life&Emotion,Spiritual&LifeJourney,Time&Memories,World&Peace,Time&Memories,Park,Art,Life&Emotion,Park,Spiritual&LifeJourney,Religion,Religion,Park,Family,Park,Celebration,Nature,Religion,Religion,Celebration,Celebration,Art,Park,Family,Religion,Religion
Sub157,Park,Life&Emotion,Art,Art,Nature,Park,Life&Emotion,Art,Time&Memories,Art,Art,Spiritual&LifeJourney,World&Peace,Family,Nature,Celebration,Park,Religion,Spiritual&LifeJourney,World&Peace,World&Peace,Time&Memories,Religion,Art,Spiritual&LifeJourney,Park,Park,Park,Spiritual&LifeJourney,Park,Park,Art,Art,Nature,Art,Family,Spiritual&LifeJourney,Family,Nature,Art
Sub158,Time&Memories,Art,Art,Celebration,Celebration,Time&Memories,Spiritual&LifeJourney,Celebration,Celebration,Time&Memories,Park,Art,Spiritual&LifeJourney,Art,Art,Spiritual&LifeJourney,Art,Park,Art,Celebration,Nature,Nature,Nature,Nature,Nature,Nature,World&Peace,Park,Spiritual&LifeJourney,World&Peace,Nature,World&Peace,Nature,World&Peace,Nature,Park,Park,World&Peace,World&Peace,Art
Sub159,Life&Emotion,Celebration,World&Peace,Family,Religion,Nature,Art,Celebration,World&Peace,Nature,World&Peace,Spiritual&LifeJourney,Art,Nature,Religion,Park,World&Peace,Time&Memories,World&Peace,Art,Nature,Spiritual&LifeJourney,Park,Nature,Park,World&Peace,Celebration,Life&Emotion,Park,Time&Memories,Religion,Life&Emotion,Nature,Nature,Religion,Nature,Family,Park,Life&Emotion,Nature
Sub160,Spiritual&LifeJourney,Spiritual&LifeJourney,Religion,Spiritual&LifeJourney,Spiritual&LifeJourney,Religion,Time&Memories,Art,Nature,Art,Life&Emotion,Celebration,Art,Life&Emotion,Life&Emotion,Celebration,Family,Nature,Celebration,World&Peace,Celebration,Time&Memories,Time&Memories,Celebration,World&Peace,Religion,Park,Time&Memories,Park,Religion,Family,World&Peace,World&Peace,Nature,Celebration,Religion,Nature,Life&Emotion,World&Peace,Nature
Sub161,Family,Spiritual&LifeJourney,Celebration,Family,Park,Spiritual&LifeJourney,Art,Celebration,Art,Spiritual&LifeJourney,Life&Emotion,Park,World&Peace,Nature,Park,Family,World&Peace,Spiritual&LifeJourney,Religion,Park,Time&Memories,Nature,Celebration,Religion,World&Peace,Celebration,Life&Emotion,Religion,Time&Memories,Nature,Nature,Art,Religion,Time&Memories,Time&Memories,Celebration,Celebration,Family,Religion,Park
Sub162,Art,Family,Religion,Spiritual&LifeJourney,Park,World&Peace,Spiritual&LifeJourney,World&Peace,Art,Art,World&Peace,Time&Memories,Celebration,Spiritual&LifeJourney,Celebration,Park,Time&Memories,Art,Art,Time&Memories,World&Peace,Family,Park,Park,Spiritual&LifeJourney,Spiritual&LifeJourney,Art,Art,Spiritual&LifeJourney,Art,Religion,Celebration,Nature,Spiritual&LifeJourney,Celebration,Time&Memories,Time&Memories,Religion,Art,Art
Sub163,Spiritual&LifeJourney,Spiritual&LifeJourney,Celebration,Nature,Spiritual&LifeJourney,Spiritual&LifeJourney,Celebration,Nature,Celebration,Spiritual&LifeJourney,Celebration,Spiritual&LifeJourney,Celebration,Nature,Nature,Nature,Celebration,Celebration,Park,Nature,Nature,Nature,Nature,Nature,Nature,Nature,Nature,Nature,Nature,Nature,Spiritual&LifeJourney,Nature,Spiritual&LifeJourney,Nature,Nature,Nature,Spiritual&LifeJourney,Nature,Nature,Nature
Sub164,Park,Spiritual&LifeJourney,Park,Celebration,Time&Memories,Celebration,Family,Celebration,Spiritual&LifeJourney,Spiritual&LifeJourney,Spiritual&LifeJourney,Spiritual&LifeJourney,Spiritual&LifeJourney,Nature,World&Peace,World&Peace,Spiritual&LifeJourney,Time&Memories,Family,Celebration,Spiritual&LifeJourney,Time&Memories,Time&Memories,Spiritual&LifeJourney,Spiritual&LifeJourney,World&Peace,Art,World&Peace,Park,Time&Memories,Nature,Celebration,Religion,World&Peace,Nature,Spiritual&LifeJourney,Religion,Time&Memories,Family,Life&Emotion
Sub165,World&Peace,Nature,Celebration,Religion,Celebration,World&Peace,Spiritual&LifeJourney,Celebration,Spiritual&LifeJourney,Celebration,Time&Memories,Spiritual&LifeJourney,Family,Spiritual&LifeJourney,Religion,Celebration,World&Peace,Spiritual&LifeJourney,Spiritual&LifeJourney,Time&Memories,World&Peace,Park,Park,Nature,Park,Park,Park,Park,Park,Nature,Nature,Nature,Nature,World&Peace,Park,Nature,World&Peace,World&Peace,Life&Emotion,Family
Sub166,Spiritual&LifeJourney,Spiritual&LifeJourney,Nature,Spiritual&LifeJourney,Spiritual&LifeJourney,Religion,Time&Memories,Spiritual&LifeJourney,Spiritual&LifeJourney,Religion,World&Peace,Spiritual&LifeJourney,Celebration,Park,Nature,Celebration,Art,Art,Time&Memories,World&Peace,Celebration,Life&Emotion,Nature,Art,World&Peace,Nature,Family,Art,World&Peace,Park,Art,Celebration,Nature,Family,World&Peace,Celebration,World&Peace,Nature,Life&Emotion,Life&Emotion
Sub167,Time&Memories,Park,Time&Memories,Spiritual&LifeJourney,Art,Celebration,Spiritual&LifeJourney,Celebration,Park,Celebration,Park,World&Peace,Park,Family,Life&Emotion,Art,Nature,Time&Memories,Park,Spiritual&LifeJourney,Nature,Park,Nature,Nature,World&Peace,Nature,Park,Nature,World&Peace,Nature,Nature,Nature,Religion,Celebration,World&Peace,Religion,Park,World&Peace,Celebration,Spiritual&LifeJourney
Sub168,Celebration,Life&Emotion,Park,World&Peace,Life&Emotion,Art,World&Peace,World&Peace,Life&Emotion,Religion,Life&Emotion,Spiritual&LifeJourney,Celebration,World&Peace,Celebration,Art,Art,World&Peace,Spiritual&LifeJourney,World&Peace,Nature,Nature,Park,Time&Memories,Celebration,Park,Nature,Celebration,Family,Art,Art,Time&Memories,Time&Memories,World&Peace,Nature,Life&Emotion,Nature,Religion,Nature,Celebration
Sub169,Spiritual&LifeJourney,Religion,Spiritual&LifeJourney,Religion,Spiritual&LifeJourney,Park,Spiritual&LifeJourney,Nature,Celebration,World&Peace,World&Peace,Nature,Life&Emotion,Spiritual&LifeJourney,World&Peace,Spiritual&LifeJourney,Nature,Nature,Spiritual&LifeJourney,Celebration,Time&Memories,Nature,Park,Nature,Park,Life&Emotion,Nature,Religion,Nature,Park,Park,Life&Emotion,Art,Nature,Nature,Family,Spiritual&LifeJourney,Celebration,Nature,Art
Sub170,Time&Memories,Life&Emotion,Spiritual&LifeJourney,Time&Memories,Art,Life&Emotion,World&Peace,Life&Emotion,World&Peace,Religion,Art,Time&Memories,Life&Emotion,World&Peace,World&Peace,Religion,Nature,Art,Family,Life&Emotion,Religion,Nature,World&Peace,Nature,Nature,Nature,Nature,World&Peace,Art,Religion,Park,Life&Emotion,Time&Memories,Spiritual&LifeJourney,Religion,World&Peace,Celebration,Life&Emotion,Life&Emotion,Religion
Sub171,Art,Religion,Time&Memories,World&Peace,Religion,Nature,Park,Celebration,Religion,Life&Emotion,Religion,Religion,Art,Art,World&Peace,Art,Religion,Art,World&Peace,Life&Emotion,Religion,Religion,Time&Memories,Religion,Life&Emotion,Nature,World&Peace,Art,Art,Nature,Spiritual&LifeJourney,Art,Art,Art,Religion,Nature,World&Peace,Art,Life&Emotion,Religion
Sub172,Time&Memories,Park,Park,World&Peace,Art,Park,Art,Art,Art,Time&Memories,Time&Memories,Art,Time&Memories,World&Peace,World&Peace,Time&Memories,Spiritual&LifeJourney,Spiritual&LifeJourney,Park,World&Peace,Time&Memories,World&Peace,World&Peace,World&Peace,World&Peace,World&Peace,World&Peace,World&Peace,World&Peace,World&Peace,World&Peace,World&Peace,World&Peace,World&Peace,Park,Time&Memories,Park,World&Peace,World&Peace,Park
Sub173,Spiritual&LifeJourney,Spiritual&LifeJourney,Park,Life&Emotion,Religion,Celebration,Park,Family,Art,World&Peace,World&Peace,Religion,Religion,World&Peace,Family,World&Peace,Family,Park,Art,World&Peace,Art,Family,Family,Nature,Religion,Park,Time&Memories,Nature,Religion,Family,World&Peace,Family,Art,Art,Time&Memories,Art,Nature,Park,Spiritual&LifeJourney,World&Peace
Sub174,Family,Park,Nature,Park,Time&Memories,Nature,Celebration,Park,Family,Time&Memories,Religion,Celebration,Religion,Celebration,Art,Time&Memories,Celebration,Celebration,Time&Memories,World&Peace,Spiritual&LifeJourney,Nature,Spiritual&LifeJourney,Nature,Life&Emotion,Nature,Life&Emotion,Nature,Spiritual&LifeJourney,Time&Memories,World&Peace,Spiritual&LifeJourney,Park,World&Peace,World&Peace,World&Peace,Spiritual&LifeJourney,Time&Memories,Life&Emotion,Family
Sub175,Time&Memories,Religion,Park,Nature,Spiritual&LifeJourney,Art,Spiritual&LifeJourney,Celebration,Time&Memories,Spiritual&LifeJourney,Time&Memories,Spiritual&LifeJourney,Life&Emotion,Art,Time&Memories,Religion,World&Peace,Celebration,Life&Emotion,Celebration,Religion,Art,Life&Emotion,Park,World&Peace,Celebration,Celebration,Park,Life&Emotion,Life&Emotion,Celebration,World&Peace,Life&Emotion,Life&Emotion,Celebration,Spiritual&LifeJourney,Park,Celebration,Spiritual&LifeJourney,Art
Sub176,Religion,Celebration,Art,Spiritual&LifeJourney,Celebration,Spiritual&LifeJourney,Religion,Life&Emotion,World&Peace,Spiritual&LifeJourney,Life&Emotion,Religion,Religion,Nature,Life&Emotion,Family,Religion,Family,Life&Emotion,Spiritual&LifeJourney,Family,Celebration,Life&Emotion,Nature,Nature,World&Peace,Art,Nature,Celebration,Life&Emotion,Park,Park,Park,Family,Nature,Spiritual&LifeJourney,Life&Emotion,Celebration,Park,Park
Sub177,Time&Memories,Spiritual&LifeJourney,Celebration,Spiritual&LifeJourney,Art,Life&Emotion,Spiritual&LifeJourney,Spiritual&LifeJourney,Art,Religion,Park,World&Peace,Art,Religion,Time&Memories,Park,Family,Time&Memories,Art,Art,Family,Celebration,Park,Religion,Religion,Celebration,World&Peace,Religion,Time&Memories,Spiritual&LifeJourney,Nature,Time&Memories,Time&Memories,Celebration,Family,Religion,Time&Memories,Nature,Spiritual&LifeJourney,Art
Sub178,Spiritual&LifeJourney,Park,Family,Celebration,Spiritual&LifeJourney,Art,Time&Memories,Life&Emotion,Spiritual&LifeJourney,Spiritual&LifeJourney,Life&Emotion,Spiritual&LifeJourney,Family,Celebration,Family,Park,Celebration,Art,Nature,Life&Emotion,Life&Emotion,Life&Emotion,Time&Memories,Religion,Time&Memories,Religion,Celebration,World&Peace,Religion,Park,Nature,World&Peace,Nature,World&Peace,World&Peace,Religion,Religion,Park,Nature,Religion
Sub179,World&Peace,Spiritual&LifeJourney,Park,Park,Celebration,Park,Time&Memories,Time&Memories,Celebration,Park,Family,Spiritual&LifeJourney,Park,World&Peace,Spiritual&LifeJourney,Park,Celebration,Celebration,World&Peace,Celebration,World&Peace,Art,Life&Emotion,Park,Art,Art,Spiritual&LifeJourney,Nature,Nature,Park,Life&Emotion,Nature,Art,Life&Emotion,Life&Emotion,Nature,Park,Art,Celebration,Art
Sub180,Time&Memories,Family,Religion,Time&Memories,Celebration,Celebration,Family,Religion,Time&Memories,Religion,Time&Memories,Time&Memories,Spiritual&LifeJourney,Nature,Time&Memories,Time&Memories,World&Peace,Spiritual&LifeJourney,Time&Memories,Park,Nature,Nature,Spiritual&LifeJourney,Park,Park,World&Peace,World&Peace,Park,Park,Park,Celebration,World&Peace,Family,World&Peace,Park,World&Peace,Time&Memories,World&Peace,World&Peace,World&Peace
Sub181,Nature,World&Peace,Time&Memories,Nature,Nature,World&Peace,Nature,Celebration,Time&Memories,Nature,Life&Emotion,Nature,World&Peace,Time&Memories,Nature,Time&Memories,World&Peace,Life&Emotion,World&Peace,Park,Nature,Time&Memories,Nature,Nature,Time&Memories,Park,Life&Emotion,Nature,Park,Spiritual&LifeJourney,Nature,Nature,Park,Nature,Nature,Nature,Nature,Nature,Life&Emotion,Nature
Sub182,Time&Memories,Nature,Life&Emotion,Life&Emotion,Park,Art,Life&Emotion,Park,Celebration,Time&Memories,Life&Emotion,Religion,Art,Time&Memories,Religion,Celebration,Life&Emotion,Time&Memories,Life&Emotion,Spiritual&LifeJourney,Nature,Spiritual&LifeJourney,World&Peace,Life&Emotion,World&Peace,World&Peace,Family,Nature,Park,Religion,Celebration,Life&Emotion,Time&Memories,Nature,Family,Time&Memories,Art,Celebration,Time&Memories,Park
Sub183,Time&Memories,Celebration,Nature,Park,Spiritual&LifeJourney,Celebration,Spiritual&LifeJourney,Nature,Time&Memories,Celebration,Celebration,Celebration,Time&Memories,Celebration,Celebration,Spiritual&LifeJourney,Time&Memories,Nature,Celebration,World&Peace,Spiritual&LifeJourney,Nature,Nature,Park,Nature,Art,Spiritual&LifeJourney,Nature,Nature,Nature,Nature,Nature,World&Peace,Park,Nature,Nature,Spiritual&LifeJourney,Art,Park,Nature
Sub184,Art,Spiritual&LifeJourney,Celebration,Art,Religion,Time&Memories,World&Peace,Art,Celebration,World&Peace,Family,Park,Celebration,Spiritual&LifeJourney,Time&Memories,Family,World&Peace,Family,Family,Spiritual&LifeJourney,Life&Emotion,Art,Nature,Religion,Time&Memories,Time&Memories,World&Peace,Religion,Park,World&Peace,Time&Memories,World&Peace,Spiritual&LifeJourney,Time&Memories,Life&Emotion,Religion,Time&Memories,Celebration,Religion,Spiritual&LifeJourney
Sub185,Spiritual&LifeJourney,Spiritual&LifeJourney,Celebration,Celebration,Celebration,Celebration,Spiritual&LifeJourney,Spiritual&LifeJourney,Spiritual&LifeJourney,Celebration,Celebration,Park,Celebration,Celebration,Nature,Celebration,Spiritual&LifeJourney,Celebration,Spiritual&LifeJourney,Spiritual&LifeJourney,Nature,Nature,Park,Park,Park,World&Peace,Nature,Park,Park,Celebration,World&Peace,Nature,Nature,Park,World&Peace,Park,Park,Nature,Park,Park
Sub186,Art,Life&Emotion,Art,Life&Emotion,Time&Memories,Nature,Park,Celebration,World&Peace,Art,Art,Art,Family,Religion,Park,Nature,Time&Memories,Art,Spiritual&LifeJourney,Religion,Religion,Art,Art,Celebration,World&Peace,Spiritual&LifeJourney,Religion,Celebration,Celebration,Nature,Spiritual&LifeJourney,Time&Memories,Spiritual&LifeJourney,World&Peace,World&Peace,Time&Memories,Nature,Family,Art,Nature
Sub187,Spiritual&LifeJourney,Park,Park,Park,Spiritual&LifeJourney,Art,Park,Park,Park,Park,Spiritual&LifeJourney,Spiritual&LifeJourney,Park,Park,Park,Time&Memories,Spiritual&LifeJourney,Celebration,Park,Park,Art,Nature,World&Peace,Nature,Nature,Nature,World&Peace,Religion,World&Peace,Park,Nature,World&Peace,World&Peace,World&Peace,Nature,Spiritual&LifeJourney,Nature,World&Peace,Religion,Park
Sub188,World&Peace,Nature,Spiritual&LifeJourney,World&Peace,Nature,Life&Emotion,Spiritual&LifeJourney,World&Peace,Time&Memories,Nature,World&Peace,World&Peace,Spiritual&LifeJourney,Celebration,Spiritual&LifeJourney,Park,Celebration,Life&Emotion,World&Peace,Religion,Art,Life&Emotion,Celebration,World&Peace,Life&Emotion,Art,Art,Art,Family,Park,Religion,Art,Park,Celebration,World&Peace,Art,Time&Memories,Nature,Life&Emotion,Religion
Sub189,Celebration,Park,Park,Time&Memories,Art,Celebration,Park,Religion,Art,Park,Life&Emotion,World&Peace,Spiritual&LifeJourney,Spiritual&LifeJourney,Life&Emotion,Time&Memories,Nature,Nature,Life&Emotion,World&Peace,Family,Religion,Park,Art,Family,Spiritual&LifeJourney,Nature,Art,Life&Emotion,Park,Religion,World&Peace,Time&Memories,Art,Time&Memories,Spiritual&LifeJourney,Religion,Celebration,World&Peace,Celebration
Sub190,Celebration,Celebration,Celebration,World&Peace,Spiritual&LifeJourney,World&Peace,Spiritual&LifeJourney,Spiritual&LifeJourney,Celebration,World&Peace,World&Peace,Celebration,World&Peace,Celebration,World&Peace,Celebration,Celebration,Celebration,Celebration,World&Peace,Celebration,Nature,Nature,World&Peace,Nature,World&Peace,Art,Nature,World&Peace,Time&Memories,World&Peace,World&Peace,World&Peace,World&Peace,Time&Memories,Nature,Spiritual&LifeJourney,World&Peace,World&Peace,Nature
Sub191,Celebration,Time&Memories,Time&Memories,Park,Spiritual&LifeJourney,Celebration,Spiritual&LifeJourney,Time&Memories,Spiritual&LifeJourney,Religion,Time&Memories,Spiritual&LifeJourney,Spiritual&LifeJourney,Art,Park,Art,Art,Art,World&Peace,Celebration,Celebration,Art,Art,Religion,Spiritual&LifeJourney,Time&Memories,Nature,Spiritual&LifeJourney,Time&Memories,Nature,Nature,Religion,World&Peace,Spiritual&LifeJourney,Spiritual&LifeJourney,Spiritual&LifeJourney,Spiritual&LifeJourney,Celebration,Time&Memories,Life&Emotion
Sub192,Celebration,Nature,Spiritual&LifeJourney,World&Peace,Park,Time&Memories,Spiritual&LifeJourney,World&Peace,Family,Celebration,Park,Spiritual&LifeJourney,Art,Religion,Religion,Family,World&Peace,Time&Memories,World&Peace,Park,Time&Memories,World&Peace,Nature,Life&Emotion,World&Peace,Nature,Spiritual&LifeJourney,Time&Memories,Art,Life&Emotion,Religion,Park,Spiritual&LifeJourney,Nature,Life&Emotion,Nature,World&Peace,World&Peace,Religion,Nature
Sub193,Religion,Nature,Nature,World&Peace,Spiritual&LifeJourney,Art,Spiritual&LifeJourney,Nature,Religion,Art,Religion,Nature,Celebration,Nature,Life&Emotion,Park,Life&Emotion,Park,Spiritual&LifeJourney,Time&Memories,Religion,Life&Emotion,Nature,Celebration,World&Peace,Nature,Park,Spiritual&LifeJourney,Celebration,Nature,Art,Park,Art,Art,World&Peace,Religion,Life&Emotion,Religion,Art,Art
Sub194,Spiritual&LifeJourney,Nature,Spiritual&LifeJourney,Nature,Park,Spiritual&LifeJourney,World&Peace,Spiritual&LifeJourney,Time&Memories,World&Peace,Spiritual&LifeJourney,Nature,World&Peace,Life&Emotion,Spiritual&LifeJourney,Celebration,Spiritual&LifeJourney,World&Peace,World&Peace,World&Peace,Celebration,Nature,Religion,Park,Religion,Park,World&Peace,Nature,Park,Religion,Nature,Religion,Nature,Park,Religion,Art,Park,Park,Religion,Nature
Sub195,Spiritual&LifeJourney,Spiritual&LifeJourney,Spiritual&LifeJourney,World&Peace,Time&Memories,Time&Memories,World&Peace,Spiritual&LifeJourney,Spiritual&LifeJourney,Time&Memories,Spiritual&LifeJourney,Spiritual&LifeJourney,Religion,Nature,Time&Memories,Celebration,Religion,World&Peace,Park,World&Peace,Celebration,Family,Celebration,Religion,Life&Emotion,World&Peace,Nature,Life&Emotion,World&Peace,Life&Emotion,Family,Celebration,Nature,Nature,Nature,Family,Park,Art,Nature,Park
Sub196,Art,Nature,Art,Nature,Nature,World&Peace,Time&Memories,Celebration,Spiritual&LifeJourney,Art,Art,Art,Nature,Life&Emotion,Park,Time&Memories,Celebration,Life&Emotion,World&Peace,Nature,Spiritual&LifeJourney,Park,Nature,Nature,Life&Emotion,Family,Park,Nature,Life&Emotion,Art,Art,World&Peace,Family,Nature,Nature,Celebration,Spiritual&LifeJourney,Art,Time&Memories,Nature
Sub197,Art,Religion,Spiritual&LifeJourney,Art,Religion,Spiritual&LifeJourney,World&Peace,Life&Emotion,Nature,Park,Nature,Time&Memories,Religion,World&Peace,Nature,Nature,Park,World&Peace,Celebration,World&Peace,Time&Memories,Nature,Spiritual&LifeJourney,Religion,Nature,Spiritual&LifeJourney,Life&Emotion,Nature,Life&Emotion,Spiritual&LifeJourney,Nature,Nature,Religion,Celebration,Art,Spiritual&LifeJourney,Park,Spiritual&LifeJourney,Religion,Nature
Sub198,Spiritual&LifeJourney,Celebration,Nature,Celebration,Park,Life&Emotion,Celebration,Celebration,Life&Emotion,Art,Spiritual&LifeJourney,Nature,World&Peace,World&Peace,Time&Memories,Life&Emotion,Art,World&Peace,World&Peace,Time&Memories,Art,Park,World&Peace,Life&Emotion,Park,Religion,Park,Nature,Park,Park,Nature,Art,Celebration,World&Peace,Religion,Nature,Art,Spiritual&LifeJourney,Art,Nature
Sub199,Spiritual&LifeJourney,Spiritual&LifeJourney,Park,World&Peace,Spiritual&LifeJourney,Spiritual&LifeJourney,Spiritual&LifeJourney,Spiritual&LifeJourney,Spiritual&LifeJourney,Spiritual&LifeJourney,Spiritual&LifeJourney,World&Peace,World&Peace,World&Peace,World&Peace,Art,Spiritual&LifeJourney,Park,Park,Park,Nature,Nature,Nature,Park,World&Peace,Nature,Nature,Nature,Nature,Nature,Nature,Nature,Park,Spiritual&LifeJourney,Celebration,Nature,Celebration,Spiritual&LifeJourney,Nature,Nature
Sub200,Life&Emotion,World&Peace,Religion,World&Peace,Park,World&Peace,Celebration,Park,Spiritual&LifeJourney,Art,World&Peace,Nature,Art,Park,Time&Memories,Art,Spiritual&LifeJourney,Park,Park,Religion,World&Peace,Time&Memories,Spiritual&LifeJourney,Spiritual&LifeJourney,World&Peace,Art,Life&Emotion,Celebration,Art,Nature,Nature,Religion,Family,Life&Emotion,Life&Emotion,Park,World&Peace,Life&Emotion,Family,Nature
